model,subset,intervention,horizon_seconds,true_mae,perturbed_mae,degradation,delta_ci_low,delta_ci_high,normalized_degradation,n_windows,n_patients
Action Transformer,large_transition,zero_action,0,4.820044994354248,7.246644496917725,2.4265995025634766,2.0685336589813232,2.7761378288269043,0.5034391806312533,18364,75
Action Transformer,large_initiation,zero_action,0,4.409652233123779,6.778752565383911,2.369100332260132,1.87055242061615,2.85444712638855,0.5372533267962202,4119,71
Action Transformer,large_increase,zero_action,0,5.306482791900635,7.2402423620224,1.9337595701217651,1.2708402872085571,2.6159825325012207,0.36441455592267097,3005,68
Action Transformer,large_decrease,zero_action,0,4.7810235023498535,7.332125663757324,2.5511021614074707,2.177363157272339,2.9113714694976807,0.5335891279667658,10560,75
Action Transformer,large_stop,zero_action,0,5.725382328033447,7.756154775619507,2.0307724475860596,1.1359782218933105,2.947894334793091,0.35469639077947634,680,33
Action Transformer,large_transition,matched_shuffle,0,4.8242106437683105,5.398677587509155,0.5744669437408447,0.42999735474586487,0.7044970989227295,0.11907998762096225,18047,75
Action Transformer,large_initiation,matched_shuffle,0,4.39841890335083,5.058209598064423,0.6597906947135925,0.4936859905719757,0.8176930546760559,0.15000633391488627,4009,71
Action Transformer,large_increase,matched_shuffle,0,5.3729567527771,5.7351392805576324,0.36218252778053284,0.08184607326984406,0.6654606461524963,0.0674084204369099,2966,68
Action Transformer,large_decrease,matched_shuffle,0,4.794277667999268,5.360195457935333,0.5659177899360657,0.4069928526878357,0.7328767776489258,0.11804026156295462,10405,75
Action Transformer,large_stop,matched_shuffle,0,5.6116766929626465,6.496952652931213,0.8852759599685669,0.2876790165901184,1.8847894668579102,0.15775605196193002,667,33
RSSM,large_transition,zero_action,0,4.73262357711792,7.486982345581055,2.7543587684631348,2.2776613235473633,3.2637457847595215,0.5819940512024597,18364,75
RSSM,large_initiation,zero_action,0,4.454600811004639,6.962922096252441,2.5083212852478027,1.8553656339645386,3.2434327602386475,0.5630855359814172,4119,71
RSSM,large_increase,zero_action,0,5.070127010345459,7.7899250984191895,2.7197980880737305,1.804032325744629,3.6828646659851074,0.5364358885929396,3005,68
RSSM,large_decrease,zero_action,0,4.681397438049316,7.545029640197754,2.8636322021484375,2.4096598625183105,3.4014360904693604,0.6117045689976025,10560,75
RSSM,large_stop,zero_action,0,5.655479431152344,8.18369174003601,2.528212308883667,1.2662312984466553,3.867962121963501,0.4470376631479545,680,33
RSSM,large_transition,matched_shuffle,0,4.734187602996826,5.40599513053894,0.6718075275421143,0.5029547810554504,0.8486209511756897,0.14190555674575464,18047,75
RSSM,large_initiation,matched_shuffle,0,4.443085670471191,5.118642807006836,0.6755571365356445,0.4837099313735962,0.8656905889511108,0.15204684011055797,4009,71
RSSM,large_increase,matched_shuffle,0,5.125988006591797,5.776742458343506,0.650754451751709,0.28466469049453735,1.0558538436889648,0.12695200435796322,2966,68
RSSM,large_decrease,matched_shuffle,0,4.690849781036377,5.349684298038483,0.6588345170021057,0.48996642231941223,0.8342700600624084,0.14045099454379575,10405,75
RSSM,large_stop,matched_shuffle,0,5.576533317565918,6.466513633728027,0.8899803161621094,0.34229975938796997,1.7141119241714478,0.15959383105606081,667,33
