representation,drug,subset,r2,r2_ci_low,r2_ci_high,mae,mae_ci_low,mae_ci_high,pearson,pearson_ci_low,pearson_ci_high,n_windows,n_patients,probe_features
Current physiology,PPF_CE,transition,0.0136014453213194,-0.0777844475533215,0.0717860388854974,0.5435740735291777,0.4716940872004477,0.6208172453452443,0.2169914815336536,0.1193498887132967,0.3141030523285088,52805,75,Current physiology
Current physiology,RFTN_CE,transition,0.0939295126314223,0.0092242420489068,0.1476583937026369,1.0246989585680006,0.9010052213109122,1.1475943602718115,0.3523486207668765,0.235130790973315,0.4501958318193251,52808,75,Current physiology
Current physiology,PPF_CE,initiation,0.0055049612374895,-0.0915285410342762,0.0706744541870853,0.4964807133145311,0.4296690442464578,0.5716112548574614,0.1558495496141168,0.0057677745740553,0.2816723522154621,3794,73,Current physiology
Current physiology,RFTN_CE,initiation,0.1536112895513831,0.0502029663905842,0.218709249893738,0.7874203839279691,0.6913251986282659,0.8901579324644836,0.3952042712398288,0.2733141673141799,0.4896569574738637,3795,73,Current physiology
Current physiology,PPF_CE,increase,0.0410830287942047,-0.0314819599135154,0.1018931039385965,0.546345798586775,0.4745968760383969,0.6258170089107133,0.2321391321394012,0.1245794608420168,0.3433096302650429,19616,75,Current physiology
Current physiology,RFTN_CE,increase,0.1147757669526962,0.0332729488183988,0.1654382019047551,1.0408534581091788,0.9211637754530314,1.161656463184035,0.3544076511092834,0.2302873225027288,0.4580905720941118,19618,75,Current physiology
Current physiology,PPF_CE,decrease,-0.0169846087340079,-0.1292156506953273,0.0606156767715701,0.5478182237657446,0.4718930789449332,0.6316815532769522,0.2081240470695135,0.0951816800258449,0.3160606563664933,27988,75,Current physiology
Current physiology,RFTN_CE,decrease,0.063573289561872,-0.0413094526430377,0.1265286449906423,1.057298569167663,0.9214879874570028,1.1924297383190887,0.3512577017875146,0.2207429130141587,0.4575979056386343,27988,75,Current physiology
Current physiology,PPF_CE,stop,0.0458098242217588,-0.0821755163821309,0.1375521513102354,0.5165026154881964,0.4207643893529623,0.6167079913292868,0.2418030397241049,0.0770236202310618,0.3988054125283735,1407,54,Current physiology
Current physiology,RFTN_CE,stop,0.1563381981796331,0.0134227254172862,0.2484618694618406,0.916157947011226,0.76182037358285,1.0993237203557402,0.5025579731762485,0.3612491316050856,0.6301310164760654,1407,54,Current physiology
Raw drug history,PPF_CE,transition,0.4630621336696259,0.3187951032758082,0.5800983668429984,0.4001685180674891,0.3352075238755174,0.4691269784645739,0.6984325340099335,0.6267256638517168,0.7716209273871477,52805,75,Raw drug history
Raw drug history,RFTN_CE,transition,0.8655077391441935,0.813946407774605,0.9052465382912468,0.3819230749915622,0.3164347063686394,0.4451854116074684,0.9320543043230616,0.9059408715367472,0.9545336912560276,52808,75,Raw drug history
Raw drug history,PPF_CE,initiation,0.38010966732858,0.2145661245529485,0.5051311459872859,0.3800482243888772,0.3134473209532575,0.4483840859356602,0.6704256801747149,0.567504324888703,0.7704388985977788,3794,73,Raw drug history
Raw drug history,RFTN_CE,initiation,0.8245850252132039,0.7625030462372091,0.8751927618815027,0.3639121172993635,0.3111135906593413,0.42308895945532,0.911626386695742,0.8799899154451468,0.9395806838755032,3795,73,Raw drug history
Raw drug history,PPF_CE,increase,0.4968269261538243,0.3556742136712468,0.6122497680263379,0.3858374637027938,0.3207554278571714,0.4545860365172758,0.7153617827480898,0.6456079027086628,0.7893310611470674,19616,75,Raw drug history
Raw drug history,RFTN_CE,increase,0.8800235251959787,0.8335919363986416,0.91572352493494,0.3648867928038252,0.30382802698032,0.4273388568065452,0.9403815744519418,0.9165035048143364,0.9602113109916216,19618,75,Raw drug history
Raw drug history,PPF_CE,decrease,0.4505707825489203,0.2888966147606993,0.5765499927741753,0.40995496541381,0.3451079802678708,0.4777831135647274,0.6911213588547794,0.6126471036869059,0.7708142234208566,27988,75,Raw drug history
Raw drug history,RFTN_CE,decrease,0.860070777422823,0.8051244446317967,0.9022967490607792,0.3965370655045107,0.3252873415615057,0.4644709691036462,0.9289460978598868,0.9021920864841576,0.9535487867951729,27988,75,Raw drug history
Raw drug history,PPF_CE,stop,0.4233244264631534,0.1033017457843687,0.6193794493099891,0.4046000410244216,0.3201476419657956,0.4902442371421689,0.7135490606323684,0.600309609783786,0.8057293152342588,1407,54,Raw drug history
Raw drug history,RFTN_CE,stop,0.8437146111346173,0.7693634042747224,0.890989871966936,0.3928940287720515,0.3213753135596748,0.4760215865789202,0.924027034261784,0.8902188032482986,0.9508766756371768,1407,54,Raw drug history
Physiology + demographics,PPF_CE,transition,0.0505284611405399,-0.0624362442494917,0.141893079257524,0.5425778487388405,0.4779153624642078,0.606938111228914,0.3145287945877341,0.1731830055311343,0.4393425438474326,52805,75,Physiology + demographics
Physiology + demographics,RFTN_CE,transition,0.0801825839653227,-0.0076360593483705,0.1374913274134,1.038740030539166,0.91568914139333,1.1613699644761943,0.3353399442876003,0.2209480385167625,0.4351147027080707,52808,75,Physiology + demographics
Physiology + demographics,PPF_CE,initiation,0.030618353399523,-0.1032153447990214,0.1332412591163483,0.4938341259010159,0.4311055526446972,0.5654902166789053,0.237746736535762,0.0704035944774217,0.3837336283190366,3794,73,Physiology + demographics
Physiology + demographics,RFTN_CE,initiation,0.1256746864481241,0.0171315655375192,0.2003489080250323,0.8012540475559381,0.7037957474422634,0.9065937793220974,0.3596920900963722,0.2360890468470059,0.468567446914797,3795,73,Physiology + demographics
Physiology + demographics,PPF_CE,increase,0.0834459118132086,-0.0214664173761749,0.16904903587659,0.5424158308254712,0.4752459599677299,0.6102572056836765,0.3262618692548295,0.186233721026148,0.4530207228173931,19616,75,Physiology + demographics
Physiology + demographics,RFTN_CE,increase,0.1007205967866397,0.0193025890359578,0.153438728430056,1.0556483840174615,0.9393251383371488,1.1781772680105091,0.3329254049104626,0.2140451167197939,0.4366584421371807,19618,75,Physiology + demographics
Physiology + demographics,PPF_CE,decrease,0.0141939427790477,-0.113699777440213,0.1145505001520275,0.5490361375932158,0.4783452047784698,0.6196174818521594,0.3069890783666292,0.1632932044714843,0.4372275716137892,27988,75,Physiology + demographics
Physiology + demographics,RFTN_CE,decrease,0.0499669696850271,-0.0539212626337345,0.1195884521851456,1.0713618885707212,0.9338345890997872,1.209550401089652,0.3367939598732289,0.2080037215522534,0.4446852897696567,27988,75,Physiology + demographics
Physiology + demographics,PPF_CE,stop,0.0745829548668867,-0.086038649645167,0.1713295742382934,0.5283833404929058,0.444397932549477,0.6101434907606278,0.3216140501401242,0.1443776498864519,0.4772176694063086,1407,54,Physiology + demographics
Physiology + demographics,RFTN_CE,stop,0.1451098351000833,-0.0012073820956692,0.2440920676358443,0.9221998179513908,0.7693880087791087,1.1021511791957803,0.4944276397765373,0.3442853762015604,0.6362430886504683,1407,54,Physiology + demographics
Drug history + demographics,PPF_CE,transition,0.746574164414227,0.5886435818831632,0.8358978583100827,0.2553924380368333,0.2157072562082012,0.3047188107086706,0.8683519249039526,0.7927451529432743,0.9160666983747482,52805,75,Drug history + demographics
Drug history + demographics,RFTN_CE,transition,0.9710077591280554,0.9605406335788862,0.9791002420452568,0.1565720011365724,0.1293490214371537,0.1861166478335038,0.9857640854281086,0.980995975158336,0.9902665315888284,52808,75,Drug history + demographics
Drug history + demographics,PPF_CE,initiation,0.652069115973257,0.4501259091425221,0.7728872630097202,0.2717871442829635,0.2276822078065478,0.3266754201792525,0.8250568202244668,0.7331791822945899,0.887955394949022,3794,73,Drug history + demographics
Drug history + demographics,RFTN_CE,initiation,0.9562177402369888,0.9375005279013562,0.9694300344648292,0.1558640104931583,0.1308916231387071,0.1818327904248419,0.9785422526586712,0.9700502159827163,0.9854301541961172,3795,73,Drug history + demographics
Drug history + demographics,PPF_CE,increase,0.7517901893190564,0.5917405229167658,0.8482807519721224,0.2528788630584397,0.2118680640829484,0.302377192608823,0.87389936608354,0.8005746211653572,0.9254643356582456,19616,75,Drug history + demographics
Drug history + demographics,RFTN_CE,increase,0.972964488565666,0.9616723172683246,0.9813231730903702,0.154744224462113,0.1285765686910942,0.1813140860130673,0.9868503675166638,0.981587575631889,0.9912857674766308,19618,75,Drug history + demographics
Drug history + demographics,PPF_CE,decrease,0.7495857202335408,0.5896259904825429,0.8399552970579215,0.2547117650184765,0.2145525089188766,0.3049605066759011,0.8690919548153327,0.7934457854257164,0.9176077666313384,27988,75,Drug history + demographics
Drug history + demographics,RFTN_CE,decrease,0.9704865709429008,0.959043948037322,0.9799133688624856,0.1599984851034027,0.1302140763931821,0.1934671349980488,0.9854528368950832,0.9800825757970149,0.990454439929711,27988,75,Drug history + demographics
Drug history + demographics,PPF_CE,stop,0.6800798737802256,0.3804808579308646,0.8248708239084159,0.2991239403498707,0.2419898787099771,0.3623706391546823,0.8442458029927034,0.7406954200841139,0.9119034176808624,1407,54,Drug history + demographics
Drug history + demographics,RFTN_CE,stop,0.9573413763059018,0.9412604950223988,0.9708354587030578,0.1765098757235094,0.1360334825700536,0.2202354570120212,0.9797668698133692,0.9739261968931222,0.987253354963769,1407,54,Drug history + demographics
Action Transformer,PPF_CE,transition,0.6148304842389405,0.4886374030197416,0.7078715177772837,0.319117144082689,0.2773410931684449,0.367665344602993,0.7857413260343586,0.7107732679069226,0.8435766481077849,52805,75,Action Transformer
Action Transformer,RFTN_CE,transition,0.6936113030112668,0.6357723038153736,0.7463191317733192,0.5443159947026183,0.4839990386166348,0.6111911128201766,0.8355374521720855,0.8035995735893358,0.8660926447289791,52808,75,Action Transformer
Action Transformer,PPF_CE,initiation,0.3797447379734959,0.087872386434645,0.5867267876758983,0.3597163929476476,0.3086279984451864,0.420764436003344,0.6438479299147031,0.4602087970722085,0.7753016843734379,3794,73,Action Transformer
Action Transformer,RFTN_CE,initiation,0.4229180343342376,0.2438446117650193,0.548477310883794,0.6151378036428988,0.5391730399562085,0.6906111593512397,0.6808754969265275,0.5982048379678613,0.7505397805239968,3795,73,Action Transformer
Action Transformer,PPF_CE,increase,0.6596460873824226,0.5317534830539724,0.7478562619820476,0.3050652183072478,0.2649768338332399,0.3525887954732726,0.8132394398910965,0.7416595358735637,0.8688328332820222,19616,75,Action Transformer
Action Transformer,RFTN_CE,increase,0.7379112732650677,0.6766153235769066,0.7880725207063549,0.5073207205007996,0.4470567158478858,0.5698956595432837,0.8590881068003187,0.8252459556970013,0.8888564761110932,19618,75,Action Transformer
Action Transformer,PPF_CE,decrease,0.6109156297431173,0.4809397988904137,0.7108977454125809,0.3201863124900989,0.2774920483134661,0.3700796558459252,0.7834581281606753,0.7073760887895464,0.8456332475050062,27988,75,Action Transformer
Action Transformer,RFTN_CE,decrease,0.6881182253261697,0.6265957033208954,0.7449857801043658,0.5606259974197426,0.4900483556247091,0.6384916401764749,0.836348777683745,0.8022840159470273,0.8692870435078037,27988,75,Action Transformer
Action Transformer,PPF_CE,stop,0.3681130209005441,0.0119244961839918,0.6062007927849815,0.3975590697546123,0.3277759757617831,0.4691166474490194,0.6706087135194935,0.4880283331172164,0.7992031898858428,1407,54,Action Transformer
Action Transformer,RFTN_CE,stop,0.5360986244660898,0.3442065971892342,0.6604527181041918,0.6521043678192174,0.5520902237178811,0.7565687762603622,0.7674264447910464,0.66675587046855,0.8393746209501666,1407,54,Action Transformer
RSSM,PPF_CE,transition,0.7409688553096181,0.6097824830997876,0.8242132522975932,0.2580567856673843,0.2191534708649554,0.3076111164288203,0.8623926727233181,0.7931497662070279,0.9092989649577072,52805,75,RSSM
RSSM,RFTN_CE,transition,0.8809870396666731,0.8515946336687125,0.9078929994811434,0.3278336191539021,0.2910032086803414,0.3705197805251154,0.9394975983029388,0.9246814888998992,0.9532014179456186,52808,75,RSSM
RSSM,PPF_CE,initiation,0.6381892281211328,0.4849248217331996,0.7543623120695379,0.267961311162416,0.2228129941865351,0.3216378818688618,0.8001899724370626,0.712769563953072,0.8701104013374145,3794,73,RSSM
RSSM,RFTN_CE,initiation,0.7946459799415818,0.7345447740363118,0.8357516792781884,0.3876632925908678,0.3476453366443814,0.4308820427712768,0.8954062154743442,0.8661561252243154,0.9181600703842464,3795,73,RSSM
RSSM,PPF_CE,increase,0.75816272602569,0.6254723505463251,0.8406838026381517,0.2517051656967484,0.2129442989791221,0.2995863749127097,0.872949160597745,0.8040182304990292,0.9184178465585524,19616,75,RSSM
RSSM,RFTN_CE,increase,0.8904439096783927,0.8595334047008183,0.9173777213000416,0.3159906419737905,0.2790910393005519,0.3564656433105668,0.9437915956396098,0.9280650328207024,0.9584040764451094,19618,75,RSSM
RSSM,PPF_CE,decrease,0.7348731670911364,0.6049690650040432,0.8220166193072165,0.2621333257094173,0.2221087926883789,0.3131869737230565,0.8585166836501539,0.7868378258359943,0.9087227013107432,27988,75,RSSM
RSSM,RFTN_CE,decrease,0.8847798748643703,0.8533294873809556,0.9138551220413076,0.325867488605642,0.2838861769257912,0.3768172803302375,0.9422617294125656,0.9286597455802142,0.9565837819415516,27988,75,RSSM
RSSM,PPF_CE,stop,0.6611770903141674,0.4403815669805396,0.7860574125622246,0.2988685825523944,0.2468388819932371,0.3615840785555507,0.8336398161402455,0.7424606047401598,0.8962925657531452,1407,54,RSSM
RSSM,RFTN_CE,stop,0.7765822187045098,0.6624138853299538,0.8489619053922759,0.4517139423271228,0.377487822172437,0.5262109921691883,0.9037844580440456,0.8538584640484569,0.93745111381689,1407,54,RSSM
Current physiology,PPF_CE,large_transition,0.0366799660646504,-0.0330351726392373,0.0858925446092464,0.5563041233222578,0.4927611314884128,0.626809190485944,0.2107993965795354,0.1149611260425236,0.3104105643417699,18333,75,Current physiology
Current physiology,RFTN_CE,large_transition,0.1160101551626732,0.0275045585847335,0.1706995384626035,0.9617154894329196,0.8530884103761137,1.0808342998318423,0.370985433604652,0.2553276350900625,0.4640924591485487,18343,75,Current physiology
Current physiology,PPF_CE,large_initiation,0.0054194479063032,-0.0826835099226521,0.0692114966254643,0.5031003996939326,0.4361898081997556,0.576192636581722,0.1546257029408146,0.0247530251146177,0.2786431621125148,4112,71,Current physiology
Current physiology,RFTN_CE,large_initiation,0.1429899137033926,0.0375948913547958,0.2168496978689908,0.8355108610973676,0.7435536730803188,0.9329276118534768,0.3831859687222541,0.2612239641380818,0.4886716438636257,4113,71,Current physiology
Current physiology,PPF_CE,large_increase,0.0605423228034842,-0.0377551776279334,0.1324165034223278,0.5854088815847556,0.5081738840544499,0.6651335050464768,0.2489367937364796,0.0800117370517933,0.3968738016811118,3005,68,Current physiology
Current physiology,RFTN_CE,large_increase,0.1740906940984086,0.0568438706310869,0.2564694561184865,1.0591853540826226,0.9025890415069402,1.219072312185947,0.4789787196076303,0.3123549257908346,0.6179852385408855,3005,68,Current physiology
Current physiology,PPF_CE,large_decrease,0.0365690058794732,-0.0419684584483597,0.0922243394609398,0.561399801177835,0.4931152839110282,0.6325550129269928,0.2285587666629317,0.1315323897504937,0.3367441652418304,10540,75,Current physiology
Current physiology,RFTN_CE,large_decrease,0.0922616595616413,-0.0012379288053004,0.1474095593965124,0.988908244479708,0.8661678027727245,1.115209238920876,0.3649675914318435,0.2562005129675814,0.4615777193585827,10549,75,Current physiology
Current physiology,PPF_CE,large_stop,0.076746095929444,-0.0517189560229085,0.1316655312908229,0.6301982178266269,0.43136172741439,0.8749989258460794,0.3519355551999351,0.1377846651696033,0.501738721151056,676,33,Current physiology
Current physiology,RFTN_CE,large_stop,0.050508780070773,-0.1585871903333756,0.1609414177685222,1.053555834416809,0.8671032206127318,1.2682690069662323,0.2752732277005619,0.0859962585295754,0.4487190195877425,676,33,Current physiology
Raw drug history,PPF_CE,large_transition,0.4884032708202813,0.3646766458428965,0.604880869648344,0.3986185069319007,0.333586873853529,0.4675340514115966,0.7231388096211471,0.6621016059816082,0.7926573539398241,18333,75,Raw drug history
Raw drug history,RFTN_CE,large_transition,0.8543163014651465,0.8035492665170845,0.8942564332749402,0.3806328934096261,0.319625017880056,0.4409670024954664,0.9253320970462824,0.900369242487142,0.947891196712952,18343,75,Raw drug history
Raw drug history,PPF_CE,large_initiation,0.417704104839979,0.2168520079644403,0.5845086922483315,0.3902623288388447,0.3159666716813783,0.4680567365236621,0.677104356936318,0.5630284772048342,0.7830586700176909,4112,71,Raw drug history
Raw drug history,RFTN_CE,large_initiation,0.8338827794960362,0.7719309742770782,0.8783904211241521,0.3601081842312352,0.3058437384550571,0.4212454410180746,0.919313782050225,0.8904054219942998,0.9425547846669036,4113,71,Raw drug history
Raw drug history,PPF_CE,large_increase,0.519412982440018,0.312892041629245,0.6749674098010484,0.3871541690382205,0.3084916759820934,0.4712962306989239,0.7565308577115736,0.6900588187680892,0.8355726854808377,3005,68,Raw drug history
Raw drug history,RFTN_CE,large_increase,0.9032749898336184,0.8590937087299753,0.9343283045821392,0.3455185049872198,0.2849331873607273,0.4140843349849197,0.9509842840757604,0.9295045555471024,0.968952290316316,3005,68,Raw drug history
Raw drug history,PPF_CE,large_decrease,0.4702187456077104,0.3365501679827609,0.5824037825136676,0.4057206596454791,0.3384560582377275,0.4774805776363834,0.7126332738072774,0.6528894829507249,0.7835361417294748,10540,75,Raw drug history
Raw drug history,RFTN_CE,large_decrease,0.8487368740365173,0.7912551430399534,0.8924050022975042,0.3943879341405832,0.3283161615075951,0.4573061605767245,0.922393848065971,0.8957441670202155,0.9468373363045268,10549,75,Raw drug history
Raw drug history,PPF_CE,large_stop,0.7415097259133673,0.270963281560532,0.9020054192919008,0.3832328786106018,0.2912681725157442,0.4863845295766198,0.8780717710769654,0.6738627092406703,0.9511702174261636,676,33,Raw drug history
Raw drug history,RFTN_CE,large_stop,0.8898391628844841,0.829345437708601,0.9350385877719102,0.3296335639795549,0.2538487753710067,0.4058580154699425,0.9494255087072212,0.9210789114974476,0.973024480554869,676,33,Raw drug history
Physiology + demographics,PPF_CE,large_transition,0.0877251562023581,-0.0051762086941969,0.1597151929537686,0.5518195808663425,0.4939075085197825,0.6096425840083909,0.3184963102193734,0.1927433128541594,0.4390775711596664,18333,75,Physiology + demographics
Physiology + demographics,RFTN_CE,large_transition,0.1046673415015668,0.0197680446868002,0.1630337585472537,0.9742939323326708,0.862560059764234,1.082213916000465,0.3585841500223542,0.2491043351317075,0.4530276101303294,18343,75,Physiology + demographics
Physiology + demographics,PPF_CE,large_initiation,0.0323857430840536,-0.0900139177486816,0.1313905479852804,0.5037136661218727,0.4407340370591937,0.5690099300039251,0.2415462078916745,0.0860036972192133,0.3859226711637132,4112,71,Physiology + demographics
Physiology + demographics,RFTN_CE,large_initiation,0.1273775945325597,0.0260557032078591,0.2004332602403712,0.8459286777955025,0.7524412227492723,0.9389206678808694,0.364884418221031,0.2412173571984578,0.4691145996398047,4113,71,Physiology + demographics
Physiology + demographics,PPF_CE,large_increase,0.1267796687481304,0.0021118919818454,0.2117484137461714,0.5768558982257272,0.5088896267988776,0.6464410196927987,0.3576975119145278,0.1864478553731604,0.4963482125260055,3005,68,Physiology + demographics
Physiology + demographics,RFTN_CE,large_increase,0.1641804989709773,0.0397468958284721,0.2455721813468641,1.0756026570577253,0.926835704475344,1.2319660807614636,0.4676801228372917,0.3037836484606736,0.6064071129856781,3005,68,Physiology + demographics
Physiology + demographics,PPF_CE,large_decrease,0.0799095201198377,-0.0191788295999584,0.1538819730721107,0.5582739546284404,0.4993144326435286,0.6192327810010264,0.3259866682587472,0.1967939681200999,0.4449160056580677,10540,75,Physiology + demographics
Physiology + demographics,RFTN_CE,large_decrease,0.0746599545081218,-0.0174885554022454,0.1361192575630278,1.003811474857257,0.8847072981245572,1.1249796538238748,0.3435622662240957,0.2305651203126257,0.4456474376015056,10549,75,Physiology + demographics
Physiology + demographics,PPF_CE,large_stop,0.130973975319073,-0.0077112859302078,0.2401723097765898,0.6325963500085807,0.4488099733584721,0.85871447734496,0.4563975198051179,0.2111019146470701,0.6114822161644459,676,33,Physiology + demographics
Physiology + demographics,RFTN_CE,large_stop,0.0868659714857896,-0.1337761965000312,0.2090904116999713,1.0257079427639049,0.8442997048184834,1.2345004752527131,0.344383517024614,0.1502695700862781,0.5313991069568671,676,33,Physiology + demographics
Drug history + demographics,PPF_CE,large_transition,0.7403478764753257,0.5962646636978928,0.8263867926478333,0.2722379404773891,0.231168743183235,0.3210318553750843,0.8679556227974536,0.8023400316264705,0.9123136723137468,18333,75,Drug history + demographics
Drug history + demographics,RFTN_CE,large_transition,0.9607929184159048,0.9490372345152196,0.9703468496901564,0.1719169892780776,0.1453707477347957,0.199047246558765,0.9803477333522344,0.9751294930755195,0.9854364911264764,18343,75,Drug history + demographics
Drug history + demographics,PPF_CE,large_initiation,0.6865326765609956,0.4840518557918992,0.8008774215945204,0.2853254656901013,0.2422109376292638,0.3378785807024122,0.833590435911001,0.7338601464735528,0.8975413538644187,4112,71,Drug history + demographics
Drug history + demographics,RFTN_CE,large_initiation,0.9553187040788944,0.9386835233649294,0.9673432030512596,0.1635400861938364,0.1388675656247618,0.189876306910581,0.9787596973068468,0.9724271863694924,0.9842162635327752,4113,71,Drug history + demographics
Drug history + demographics,PPF_CE,large_increase,0.7355355616011507,0.5496435430545056,0.8513744838549787,0.2760838014379067,0.2232624820861136,0.3398852404673379,0.8698592540892639,0.7904011286718278,0.925660745538922,3005,68,Drug history + demographics
Drug history + demographics,RFTN_CE,large_increase,0.9680464110676896,0.9546300686998992,0.9797144195684004,0.1689778597977602,0.1308373544858667,0.207754579380623,0.9845576479223294,0.9791700197589324,0.9902750649469424,3005,68,Drug history + demographics
Drug history + demographics,PPF_CE,large_decrease,0.7380160087043202,0.5975027832748884,0.8267069209594232,0.2697303538569599,0.2278109306968862,0.3201550491814809,0.8675492767006758,0.8036665567190757,0.9124288553763854,10540,75,Drug history + demographics
Drug history + demographics,RFTN_CE,large_decrease,0.9639436088267116,0.9510920814616608,0.9741120855698686,0.1690938359637847,0.1411394541358145,0.200063107939564,0.9820691896494124,0.9764615480561368,0.9875147245437048,10549,75,Drug history + demographics
Drug history + demographics,PPF_CE,large_stop,0.8000611334128346,0.3322649435639844,0.9406186673507856,0.3159918051533356,0.2309220769275171,0.4243486246280553,0.9121144472948232,0.7349555894243809,0.971039580494968,676,33,Drug history + demographics
Drug history + demographics,RFTN_CE,large_stop,0.9317144146066496,0.873991860120373,0.9721848168548124,0.2063343334018198,0.1404348580933526,0.277290735381781,0.967788172532932,0.9411513139638028,0.9870298170137664,676,33,Drug history + demographics
Action Transformer,PPF_CE,large_transition,0.5379000191894576,0.4108863531735109,0.6444576432822491,0.3516865784518974,0.3084018615112134,0.3998300451050541,0.7405074630619884,0.6655075198207165,0.8071008566388097,18333,75,Action Transformer
Action Transformer,RFTN_CE,large_transition,0.5371819613490301,0.4662159086767269,0.5996490317008049,0.6501466273914138,0.582423173662851,0.7238460063246369,0.7468715426614613,0.705001821637232,0.7880103845474385,18343,75,Action Transformer
Action Transformer,PPF_CE,large_initiation,0.3526007578240225,0.1225845844920173,0.5489253538028163,0.3747185637826818,0.3213543888320509,0.4325218245864439,0.6184338128615617,0.4706566886971571,0.7476995020199688,4112,71,Action Transformer
Action Transformer,RFTN_CE,large_initiation,0.4541149057522766,0.2777474791520932,0.5939095953250599,0.6268991043987121,0.547915692789732,0.7085712757424443,0.7002267862650883,0.6088452270612557,0.7801640889839228,4113,71,Action Transformer
Action Transformer,PPF_CE,large_increase,0.542998724886743,0.3976507220551138,0.6502727668247416,0.3777606631661118,0.3218330788206432,0.4363039614650899,0.739648271480153,0.6577837575710478,0.8111267097055779,3005,68,Action Transformer
Action Transformer,RFTN_CE,large_increase,0.5607404458241718,0.4465324747025365,0.6594500623292161,0.7118497425855052,0.5968155414757295,0.8342086565429677,0.7750773166419997,0.7107568461882002,0.8321793675902938,3005,68,Action Transformer
Action Transformer,PPF_CE,large_decrease,0.6172141494152852,0.5004290725728736,0.7086407552727888,0.3284687780933089,0.286988934640223,0.3783621684977796,0.7931136425763157,0.7293328124906587,0.8485466832743876,10540,75,Action Transformer
Action Transformer,RFTN_CE,large_decrease,0.5755453012317853,0.5018409812401877,0.6355206768607743,0.6388088907707552,0.5702881972932636,0.7116646115094842,0.7689487073892625,0.725282359679404,0.8094103143604259,10549,75,Action Transformer
Action Transformer,PPF_CE,large_stop,-0.0092486226007766,-0.448573173539071,0.5556050129147276,0.5833097766199877,0.3666215197227628,0.8667782129555791,0.3536538291132697,0.0473431714263614,0.7685086029538283,676,33,Action Transformer
Action Transformer,RFTN_CE,large_stop,0.2472402943453124,-0.0322177561082135,0.4603627862074519,0.8511148522265185,0.6987701901146025,1.0317946714663226,0.685503162412943,0.5445632381472836,0.7978246155570352,676,33,Action Transformer
RSSM,PPF_CE,large_transition,0.7115646029974562,0.5932514656471515,0.7964909203917361,0.2793398968592011,0.2388525435477113,0.3283288875228453,0.8451304608881359,0.7854680118818417,0.8934447190057034,18333,75,RSSM
RSSM,RFTN_CE,large_transition,0.8321153610961659,0.7929902311894237,0.8633255609305353,0.3937684258520473,0.3566397338611585,0.4354643945462097,0.9149026652332876,0.8966857782725174,0.9316905748352464,18343,75,RSSM
RSSM,PPF_CE,large_initiation,0.6296623256157665,0.4773882279171445,0.7403901549231047,0.2860145124694557,0.2409779555048273,0.3368534100666163,0.7939245516771518,0.7044132979791302,0.8624519035124425,4112,71,RSSM
RSSM,RFTN_CE,large_initiation,0.8148878288229084,0.7729145776379983,0.8471277741826619,0.3813170214842761,0.3457335917512379,0.4166711207858098,0.9057643013794576,0.8840204298527031,0.9241569169704232,4113,71,RSSM
RSSM,PPF_CE,large_increase,0.6925705372662619,0.5417538221684024,0.8112617765609157,0.288432784107673,0.2327864238034555,0.3522115205161477,0.8327610148521104,0.7439152869998281,0.9025669664829072,3005,68,RSSM
RSSM,RFTN_CE,large_increase,0.8516953198625,0.7981755608056164,0.897157658865855,0.4155294692579672,0.3542337932014489,0.4854866609698515,0.9231891006605788,0.8958776856947565,0.9479055467287546,3005,68,RSSM
RSSM,PPF_CE,large_decrease,0.7311614061424636,0.6126318357664844,0.8146134360627406,0.2753080170445188,0.2347253579890458,0.3265615780982251,0.8574273533546406,0.7987393408484904,0.9034836776032455,10540,75,RSSM
RSSM,RFTN_CE,large_decrease,0.8384968682091734,0.799770169700925,0.8683907779577061,0.394563012520012,0.3577455969617588,0.4362464712084462,0.9204131628140308,0.9007032271796772,0.935514789799529,10549,75,RSSM
RSSM,PPF_CE,large_stop,0.5720354148894766,0.3257644723703046,0.766812855635217,0.3996200227968048,0.2570794295119895,0.5769576506932649,0.784664892546567,0.6928054781369527,0.8974544036732117,676,33,RSSM
RSSM,RFTN_CE,large_stop,0.7025556769067407,0.5374756267551004,0.8401300067591135,0.488576193731682,0.3757758662140011,0.6179790555777442,0.8566328296828437,0.7639833640064814,0.9281688049807336,676,33,RSSM
