model,subset,target,horizon_seconds,horizon_label,mae,mae_ci_low,mae_ci_high,rmse,rmse_ci_low,rmse_ci_high,pooled_mae,n_windows,n_patients
Persistence,transition,BIS,30,30s,3.6530048847198486,3.462974071502685,3.84267520904541,5.012063541578879,4.781612008545712,5.240932263151135,3.639716863632202,52839,75
Persistence,transition,BIS,60,60s,4.355286598205566,4.139183521270752,4.573821544647217,5.940521756257801,5.6602745280732005,6.212032197651442,4.34414529800415,52839,75
Persistence,transition,BIS,180,180s,5.490976333618164,5.1483588218688965,5.837736129760742,7.700334457465853,7.198612545692941,8.272667003339645,5.4783854484558105,52839,75
Persistence,transition,BIS,300,300s,6.149006843566895,5.700929641723633,6.620940685272217,8.787831076927976,8.104727940543986,9.626415594460154,6.079219818115234,52839,75
Persistence,transition,BIS,0,full_5min_trajectory,5.084033012390137,4.784684181213379,5.388106346130371,7.2432593218127534,6.792331062381039,7.772437808676638,5.065292835235596,52839,75
Persistence,transition,MAP,30,30s,3.513148307800293,3.1875247955322266,3.8293166160583496,10.241507757168216,9.05304640609762,11.449104134107298,3.4150829315185547,41252,57
Persistence,transition,MAP,60,60s,4.389568328857422,3.972429037094116,4.794328212738037,11.582918521031036,10.293079932985847,12.873901912934834,4.27813720703125,41253,57
Persistence,transition,MAP,180,180s,6.527185440063477,5.989072322845459,7.045076847076416,13.18636429221756,11.943309388948954,14.383943379631244,6.503067493438721,41237,57
Persistence,transition,MAP,300,300s,7.844147682189941,7.22711706161499,8.43453311920166,14.29123437225814,13.175868685783112,15.357138081800157,7.759498119354248,41218,57
Persistence,transition,MAP,0,full_5min_trajectory,5.913207530975342,5.4536848068237305,6.3766961097717285,12.74295387793412,11.54449876175472,13.88439293550496,5.867837905883789,41378,57
Persistence,initiation,BIS,30,30s,3.581345319747925,3.30998158454895,3.854704856872559,4.85579537285118,4.511328108088363,5.185881764433376,3.697921752929688,3801,73
Persistence,initiation,BIS,60,60s,4.407609462738037,4.088618278503418,4.7320876121521,5.798300842796467,5.402250718028049,6.175881005578748,4.478637218475342,3801,73
Persistence,initiation,BIS,180,180s,5.698237419128418,5.17991828918457,6.247427463531494,7.707334161558696,6.973426515577838,8.590031599668349,5.695580005645752,3801,73
Persistence,initiation,BIS,300,300s,6.3959479331970215,5.771578311920166,7.090579986572266,8.839450613358055,7.84592386343074,9.92998061809204,6.1812944412231445,3801,73
Persistence,initiation,BIS,0,full_5min_trajectory,5.233818531036377,4.844773292541504,5.64341402053833,7.226715581148902,6.61123349729178,7.89264554884898,5.207028388977051,3801,73
Persistence,initiation,MAP,30,30s,3.433871269226074,2.838869094848633,4.209353446960449,9.56970023551711,6.630611706070541,12.604196461203593,3.792068243026733,2698,55
Persistence,initiation,MAP,60,60s,4.690917015075684,3.78585433959961,5.8127055168151855,11.72759757153206,8.171387170997336,15.352900307484658,5.1572699546813965,2696,55
Persistence,initiation,MAP,180,180s,7.629852294921875,6.535795211791992,8.792137145996094,13.940954763808772,11.289907921414748,16.640530552842304,8.207547187805176,2703,55
Persistence,initiation,MAP,300,300s,9.171548843383787,7.810957431793213,10.609575271606444,15.630820693168744,13.058204638235052,18.28981920556531,9.516212463378906,2714,55
Persistence,initiation,MAP,0,full_5min_trajectory,6.731549739837647,5.743756771087647,7.768998622894287,13.29004763764741,10.838346602691672,15.927258121520202,7.279876708984375,2719,55
Persistence,increase,BIS,30,30s,3.653949499130249,3.4277894496917725,3.875655174255371,5.076266186239122,4.791698334077876,5.368408952567496,3.642991781234741,19620,75
Persistence,increase,BIS,60,60s,4.313205242156982,4.059749126434326,4.579706192016602,5.975827798999966,5.639894052416707,6.31585332353006,4.3406829833984375,19620,75
Persistence,increase,BIS,180,180s,5.532593727111816,5.130845546722412,5.933548450469971,7.723833518242693,7.1695715169949095,8.325956309152364,5.560306072235107,19620,75
Persistence,increase,BIS,300,300s,6.184399604797363,5.662928581237793,6.821922302246094,8.890494990948593,7.9540206914435485,10.022113382557196,6.120779991149902,19620,75
Persistence,increase,BIS,0,full_5min_trajectory,5.102714538574219,4.752848148345947,5.453065395355225,7.279608676579453,6.755654968539695,7.864056688742761,5.106765270233154,19620,75
Persistence,increase,MAP,30,30s,3.5035417079925537,3.1488540172576904,3.870796203613281,10.460554598808251,8.975420979692,11.849431509553924,3.489351987838745,15496,57
Persistence,increase,MAP,60,60s,4.310088634490967,3.881896734237671,4.795761585235596,11.620500247449614,9.927741483557853,13.29448616633068,4.25709867477417,15496,57
Persistence,increase,MAP,180,180s,6.2986159324646,5.726905822753906,6.884995460510254,12.936249750881723,11.383793041800905,14.512900040244368,6.177252769470215,15492,57
Persistence,increase,MAP,300,300s,7.57948637008667,6.887050151824951,8.272542953491211,13.939514835622475,12.502241010052458,15.421301617538695,7.29457426071167,15463,57
Persistence,increase,MAP,0,full_5min_trajectory,5.7474236488342285,5.253432273864746,6.26437520980835,12.58124354779703,11.109110940405198,14.049545356752486,5.635401725769043,15540,57
Persistence,decrease,BIS,30,30s,3.637178897857666,3.460645198822021,3.8143389225006095,4.957184773405722,4.743352756277294,5.179980423643612,3.607919454574585,28007,75
Persistence,decrease,BIS,60,60s,4.360673427581787,4.149652004241943,4.58052396774292,5.913590647974092,5.643395417186075,6.206295250672932,4.30171012878418,28007,75
Persistence,decrease,BIS,180,180s,5.409438610076904,5.072800636291504,5.7691330909729,7.647140377352029,7.070249643625984,8.343731712292692,5.333941459655762,28007,75
Persistence,decrease,BIS,300,300s,6.0746750831604,5.633955955505371,6.505956172943115,8.647555725853305,7.938416916159394,9.40833429201953,5.929835796356201,28007,75
Persistence,decrease,BIS,0,full_5min_trajectory,5.031537055969238,4.741091728210449,5.340616703033447,7.1823202293515935,6.694985451828504,7.737579236834287,4.959074974060059,28007,75
Persistence,decrease,MAP,30,30s,3.4601683616638184,3.043940544128418,3.911996603012085,9.93460328690893,8.093529422066704,11.833476822390564,3.31475043296814,22135,57
Persistence,decrease,MAP,60,60s,4.326215744018555,3.822165012359619,4.8812575340271,11.318241917261544,9.474352296617942,13.262796808170012,4.178976535797119,22137,57
Persistence,decrease,MAP,180,180s,6.423883438110352,5.796584606170654,7.065345287322998,12.954241696436249,11.412386646522563,14.580546318043682,6.495410919189453,22117,57
Persistence,decrease,MAP,300,300s,7.727134704589844,7.075329303741455,8.357276916503906,14.11103549112665,12.81263993349652,15.47874913565975,7.803752899169922,22115,57
Persistence,decrease,MAP,0,full_5min_trajectory,5.8158040046691895,5.276159763336182,6.369668960571289,12.514933706329735,11.060358044863031,14.073360606470851,5.8341898918151855,22193,57
Persistence,stop,BIS,30,30s,4.006091594696045,3.550762176513672,4.466087341308594,5.618605306118014,4.899369389963521,6.318414013963905,4.068532943725586,1411,54
Persistence,stop,BIS,60,60s,4.652780532836914,4.1383867263793945,5.234857082366943,6.496254355256832,5.555614195620154,7.633943659385871,4.872289180755615,1411,54
Persistence,stop,BIS,180,180s,6.563500881195068,5.4262776374816895,8.028143882751465,9.42518630918724,7.369673017393701,11.633724753308467,6.621261119842529,1411,54
Persistence,stop,BIS,300,300s,8.292922019958496,6.442244052886963,10.554864883422852,12.456078843138574,8.846783121238945,16.300226614845343,8.191495895385742,1411,54
Persistence,stop,BIS,0,full_5min_trajectory,6.172147274017334,5.190845966339111,7.397101879119873,9.202638778406977,7.117458166676818,11.4162633968514,6.215134620666504,1411,54
Persistence,stop,MAP,30,30s,2.8937370777130127,2.407736301422119,3.458174705505371,6.010751945183997,3.7364710587532177,8.287912359090958,3.472372770309448,923,41
Persistence,stop,MAP,60,60s,3.882580757141113,3.234880208969116,4.659007549285889,7.440137635875527,5.038248821478926,9.690702044523022,4.441558361053467,924,41
Persistence,stop,MAP,180,180s,6.56657075881958,5.498077392578125,7.845888614654541,10.621439617736508,7.939735157967306,13.563731335412752,7.1621623039245605,925,41
Persistence,stop,MAP,300,300s,8.115470886230469,6.697816848754883,9.572220802307127,11.28058654017732,9.318602744870027,13.082249363663957,9.31749439239502,926,41
Persistence,stop,MAP,0,full_5min_trajectory,5.8293986320495605,5.015680313110352,6.753844738006592,10.329966047735262,8.016150860705032,12.840877610871573,6.428815364837647,926,41
State-only,transition,BIS,30,30s,3.4407758712768555,3.2730655670166016,3.612826824188232,4.59360052371605,4.388476080064451,4.802457760372405,3.42801833152771,52839,75
State-only,transition,BIS,60,60s,3.961262226104736,3.761163711547852,4.174538612365723,5.321556360423891,5.074100155285098,5.584954363329974,3.946842670440674,52839,75
State-only,transition,BIS,180,180s,4.8739118576049805,4.563022613525391,5.186432838439941,6.731479526810807,6.312672829858675,7.174617467379195,4.847975254058838,52839,75
State-only,transition,BIS,300,300s,5.451456069946289,5.090277194976807,5.834002494812012,7.720832574648408,7.181307837084869,8.311447650580483,5.39091157913208,52839,75
State-only,transition,BIS,0,full_5min_trajectory,4.563019275665283,4.291682720184326,4.840414524078369,6.3888554816363134,6.015406537733671,6.785801076692523,4.535537242889404,52839,75
State-only,transition,MAP,30,30s,3.3864550590515137,3.1146881580352783,3.652297258377075,8.16040541221447,7.2471628886124835,9.048980520584298,3.32637095451355,41263,57
State-only,transition,MAP,60,60s,4.019373416900635,3.726041793823242,4.320094585418701,8.658233305200614,7.824564659025541,9.470341614762004,3.9801526069641113,41269,57
State-only,transition,MAP,180,180s,5.799208641052246,5.417356491088867,6.198951721191406,9.953394049297252,9.169046358962992,10.760604950302952,5.802896976470947,41264,57
State-only,transition,MAP,300,300s,6.882521629333496,6.426973819732666,7.340723514556885,10.87624693989423,10.169683123577862,11.5748047385832,6.820024490356445,41252,57
State-only,transition,MAP,0,full_5min_trajectory,5.318760395050049,4.973623752593994,5.666078090667725,9.688981662776596,8.938646363052458,10.418011225072767,5.313651084899902,41439,57
State-only,initiation,BIS,30,30s,3.4135518074035645,3.1781575679779053,3.6472771167755127,4.4472283121787815,4.145070119156563,4.751349809496984,3.52215313911438,3801,73
State-only,initiation,BIS,60,60s,3.924346446990967,3.625852108001709,4.221875190734863,5.15559540263668,4.776546383656775,5.527913094573064,4.036104679107666,3801,73
State-only,initiation,BIS,180,180s,5.116908550262451,4.652242660522461,5.664529800415039,6.861328125,6.11868708171973,7.657018257054582,5.026345729827881,3801,73
State-only,initiation,BIS,300,300s,5.723427295684815,5.1499457359313965,6.359120845794678,8.028062239743493,6.993673190188551,9.22075918253718,5.604937553405762,3801,73
State-only,initiation,BIS,0,full_5min_trajectory,4.685251235961914,4.321134567260742,5.075644493103027,6.462552109882691,5.826016369341906,7.168352712383149,4.676567554473877,3801,73
State-only,initiation,MAP,30,30s,3.33899998664856,2.860987424850464,3.939066171646118,7.902887043777672,5.760549404645305,10.19233673047274,3.6086506843566895,2699,55
State-only,initiation,MAP,60,60s,4.266491889953613,3.642902851104736,5.000157356262207,8.971453853915188,6.720278543875647,11.415771523534406,4.631743907928467,2701,55
State-only,initiation,MAP,180,180s,6.853102684020996,6.0077223777771,7.735782623291016,11.33476704523417,9.201157571696058,13.39599273887385,7.236367225646973,2710,55
State-only,initiation,MAP,300,300s,7.825540065765381,6.70206356048584,9.205382347106934,12.25692615501665,9.672861372486825,15.085227439918247,7.780202388763428,2722,55
State-only,initiation,MAP,0,full_5min_trajectory,6.028702259063721,5.321206092834473,6.7923264503479,10.537769144949328,8.999703720302277,12.22449500790287,6.373948574066162,2727,55
State-only,increase,BIS,30,30s,3.4360246658325195,3.238614559173584,3.645677089691162,4.636051891678305,4.379514708089144,4.902130535702053,3.442239999771118,19620,75
State-only,increase,BIS,60,60s,3.9742660522460938,3.737144947052002,4.240651607513428,5.375517709329079,5.059551557790709,5.722468600272396,3.9925172328948975,19620,75
State-only,increase,BIS,180,180s,4.92440128326416,4.540776252746582,5.339431285858154,6.781922197206692,6.220564534366693,7.375643168707365,4.935001850128174,19620,75
State-only,increase,BIS,300,300s,5.4385528564453125,4.944894790649414,5.967672348022461,7.783734151034731,6.9052366315885525,8.719738757218625,5.398932933807373,19620,75
State-only,increase,BIS,0,full_5min_trajectory,4.589787006378174,4.276576519012451,4.940339088439941,6.431936878710701,5.942984848431923,6.983014343308172,4.587191104888916,19620,75
State-only,increase,MAP,30,30s,3.3399312496185303,3.074249744415283,3.6356260776519775,8.232301164966156,7.203196494188307,9.199347713400703,3.295578718185425,15496,57
State-only,increase,MAP,60,60s,3.922307014465332,3.6353061199188232,4.233460426330566,8.508297628787973,7.508688916230493,9.621012468571598,3.8664941787719727,15496,57
State-only,increase,MAP,180,180s,5.586193084716797,5.170115947723389,5.986271858215332,9.515219693877484,8.58300420136245,10.50011189719022,5.494998455047607,15494,57
State-only,increase,MAP,300,300s,6.616977691650391,6.118687152862549,7.100092887878418,10.329787681738898,9.48463200781825,11.217385041659734,6.436253547668457,15468,57
State-only,increase,MAP,0,full_5min_trajectory,5.1568989753723145,4.816176414489746,5.500256538391113,9.368235270972072,8.569732062158508,10.172139763499324,5.0824971199035645,15561,57
State-only,decrease,BIS,30,30s,3.4168221950531006,3.2559823989868164,3.5766971111297607,4.546828227113917,4.359416564962017,4.741980358042877,3.379876613616944,28007,75
State-only,decrease,BIS,60,60s,3.930065393447876,3.732498168945313,4.122918128967285,5.261022894143324,5.024902699605529,5.50336700028662,3.8699967861175537,28007,75
State-only,decrease,BIS,180,180s,4.744927883148193,4.45854377746582,5.049174785614014,6.549237027757657,6.173469743038585,6.987772207127331,4.690937519073486,28007,75
State-only,decrease,BIS,300,300s,5.374899387359619,5.040069103240967,5.739706993103027,7.498057050168922,7.0143054834242085,7.957762559591357,5.2515950202941895,28007,75
State-only,decrease,BIS,0,full_5min_trajectory,4.481658458709717,4.224709987640381,4.749348163604736,6.241297652469297,5.895097486678351,6.589699319049278,4.416051387786865,28007,75
State-only,decrease,MAP,30,30s,3.358030080795288,3.031877040863037,3.70890736579895,7.952057472635349,6.600880315621706,9.329672322462953,3.295243978500366,22144,57
State-only,decrease,MAP,60,60s,4.012799739837647,3.642203092575073,4.381845951080322,8.647376184032014,7.504355628137215,9.817479127726212,3.9705419540405273,22147,57
State-only,decrease,MAP,180,180s,5.724226951599121,5.265201568603516,6.20694637298584,9.830435719268198,8.839941707781373,10.885961861471593,5.83726978302002,22135,57
State-only,decrease,MAP,300,300s,6.84625244140625,6.35107421875,7.328278064727783,10.883760278183674,10.061898349758804,11.69029161701368,6.939871788024902,22136,57
State-only,decrease,MAP,0,full_5min_trajectory,5.259700775146484,4.855565547943115,5.684094429016113,9.606926533212938,8.779146315797435,10.446021707178094,5.329087257385254,22214,57
State-only,stop,BIS,30,30s,3.889556407928467,3.514552116394043,4.277790069580078,5.232826482116845,4.594327098901342,5.866208255081999,3.932246208190918,1411,54
State-only,stop,BIS,60,60s,4.488796710968018,3.915764093399048,5.117669105529785,6.237570037142807,5.190741020619276,7.533262371753019,4.596590995788574,1411,54
State-only,stop,BIS,180,180s,6.439088821411133,5.121502876281738,7.966872215270996,9.398113191230236,6.925001553421673,11.985930778253884,6.27440071105957,1411,54
State-only,stop,BIS,300,300s,7.674367427825928,5.834713935852051,10.019485473632812,11.99274988502168,8.012760951989675,15.99890419068551,7.468106269836426,1411,54
State-only,stop,BIS,0,full_5min_trajectory,5.908428192138672,4.8493428230285645,7.254721164703369,8.993931737870193,6.659887331905972,11.423220199085584,5.809053421020508,1411,54
State-only,stop,MAP,30,30s,3.328857898712158,2.879492998123169,3.845703125,5.574509589688347,4.03432116956426,7.11537752052001,3.7642104625701904,924,41
State-only,stop,MAP,60,60s,4.103741645812988,3.5790562629699707,4.74351167678833,6.548574149750111,5.035698292560941,7.991041890034193,4.211675643920898,925,41
State-only,stop,MAP,180,180s,6.321449279785156,5.387753486633301,7.428033828735352,9.40650589807125,7.05360243723229,12.214500839646242,5.938092231750488,925,41
State-only,stop,MAP,300,300s,7.326706409454346,6.232621669769287,8.412221908569336,9.549568957442489,8.15546796418475,10.837664828867476,7.543158531188965,926,41
State-only,stop,MAP,0,full_5min_trajectory,5.729871273040772,5.018831729888916,6.589255809783936,9.28176950355844,7.110913992507426,11.818567725863414,5.700721740722656,937,41
Action Transformer,transition,BIS,30,30s,3.405747175216675,3.2340643405914307,3.576036214828491,4.565091168098056,4.3604000076046185,4.769930936045464,3.3941307067871094,52839,75
Action Transformer,transition,BIS,60,60s,3.889624118804932,3.69433069229126,4.093745231628418,5.214039578385993,4.96947929740176,5.4740557409367705,3.876232624053955,52839,75
Action Transformer,transition,BIS,180,180s,4.610153198242188,4.340128421783447,4.894035816192627,6.308151106761963,5.944820348593453,6.704337910641763,4.591047763824463,52839,75
Action Transformer,transition,BIS,300,300s,5.043251037597656,4.75053071975708,5.353342056274414,7.032511822541053,6.606703630966932,7.516047285433681,4.985483169555664,52839,75
Action Transformer,transition,BIS,0,full_5min_trajectory,4.345059394836426,4.105239868164063,4.599879741668701,6.006502125159119,5.685728363107313,6.3677925805284215,4.323222637176514,52839,75
Action Transformer,transition,MAP,30,30s,3.3498075008392334,3.082206010818481,3.603382349014282,8.211939089126004,7.306278810207713,9.061217329082403,3.2820255756378174,41263,57
Action Transformer,transition,MAP,60,60s,3.978505373001098,3.698431491851807,4.272078514099121,8.642047344223744,7.820686384746831,9.411341508999843,3.937591552734375,41269,57
Action Transformer,transition,MAP,180,180s,5.787536144256592,5.378363132476807,6.193902015686035,9.988533312228189,9.19293591845289,10.79946519445885,5.747097015380859,41264,57
Action Transformer,transition,MAP,300,300s,6.781973838806152,6.326447010040283,7.260297298431396,10.882438132918416,10.146505992818646,11.623218687028322,6.683438301086426,41252,57
Action Transformer,transition,MAP,0,full_5min_trajectory,5.267241954803467,4.920712947845459,5.623244762420654,9.698581583984891,8.954418894423938,10.399110653338154,5.234357833862305,41439,57
Action Transformer,initiation,BIS,30,30s,3.3861680030822754,3.14811110496521,3.608540534973145,4.424904584125321,4.13136517108811,4.702628581567109,3.5014538764953613,3801,73
Action Transformer,initiation,BIS,60,60s,3.856651782989502,3.559284448623657,4.1354827880859375,5.049281252332963,4.692209344966112,5.387793640489583,3.97663950920105,3801,73
Action Transformer,initiation,BIS,180,180s,4.75468111038208,4.319315433502197,5.246693134307861,6.269059683394699,5.6143227860597165,7.026557407627546,4.734283924102783,3801,73
Action Transformer,initiation,BIS,300,300s,5.206516265869141,4.728907585144043,5.7112226486206055,7.042511326919888,6.298752724839408,7.821328263905536,5.037779808044434,3801,73
Action Transformer,initiation,BIS,0,full_5min_trajectory,4.403246879577637,4.085477352142334,4.731637954711914,5.912959410418594,5.42496844163848,6.441433491831418,4.407704830169678,3801,73
Action Transformer,initiation,MAP,30,30s,3.3382022380828857,2.853657484054565,3.951238632202149,7.88990632362985,5.731676178606591,10.170826753903055,3.636818647384644,2699,55
Action Transformer,initiation,MAP,60,60s,4.323547840118408,3.67112135887146,5.092553615570068,8.98115856147999,6.679354832267993,11.462021852460806,4.67887020111084,2701,55
Action Transformer,initiation,MAP,180,180s,6.865800857543945,5.966437816619873,7.839058399200439,11.398705231605527,9.254115246030622,13.540223843909082,7.202597618103027,2710,55
Action Transformer,initiation,MAP,300,300s,7.7304768562316895,6.550573348999023,9.299482345581056,12.28852919714567,9.462287334032764,15.346957801777238,7.559335708618164,2722,55
Action Transformer,initiation,MAP,0,full_5min_trajectory,6.014248847961426,5.246535301208496,6.871756553649902,10.535393417681757,8.950837114280805,12.293565782292568,6.313803672790527,2727,55
Action Transformer,increase,BIS,30,30s,3.392122507095337,3.197925329208374,3.6002657413482666,4.598552451218366,4.3546425347937525,4.867361099306781,3.3978967666625977,19620,75
Action Transformer,increase,BIS,60,60s,3.888936758041382,3.6620607376098633,4.144819259643555,5.255242046730727,4.944465070436202,5.5901192757808,3.9046859741210938,19620,75
Action Transformer,increase,BIS,180,180s,4.704953670501709,4.3222856521606445,5.099575996398926,6.440379563513251,5.950259663020854,6.990507774410368,4.678351402282715,19620,75
Action Transformer,increase,BIS,300,300s,5.147148132324219,4.705533981323242,5.6289777755737305,7.175955349259118,6.441835295463316,8.011886825546844,5.032159328460693,19620,75
Action Transformer,increase,BIS,0,full_5min_trajectory,4.4083099365234375,4.102869987487793,4.741238594055176,6.103300308702098,5.672627885098998,6.574039740117082,4.373936653137207,19620,75
Action Transformer,increase,MAP,30,30s,3.328202247619629,3.0492680072784424,3.624597787857056,8.32083240013009,7.281409789857458,9.313295880813312,3.246613025665283,15496,57
Action Transformer,increase,MAP,60,60s,3.9219138622283936,3.615353584289551,4.228782653808594,8.543408124846625,7.529897734617571,9.62105885854412,3.81634259223938,15496,57
Action Transformer,increase,MAP,180,180s,5.6374030113220215,5.204970359802246,6.093699455261231,9.625593687300944,8.685808854197758,10.590689878245325,5.466419696807861,15494,57
Action Transformer,increase,MAP,300,300s,6.554435253143311,6.046474456787109,7.074934959411621,10.35720254664768,9.470929691234572,11.26258248183587,6.3143415451049805,15468,57
Action Transformer,increase,MAP,0,full_5min_trajectory,5.158073902130127,4.796477317810059,5.523463726043701,9.440591672038574,8.619278046363705,10.25755031974066,5.015137672424316,15561,57
Action Transformer,decrease,BIS,30,30s,3.389288663864136,3.22977876663208,3.555605411529541,4.530507414906573,4.3391703882427946,4.72997842731355,3.3514699935913086,28007,75
Action Transformer,decrease,BIS,60,60s,3.876665830612183,3.687667369842529,4.080933094024658,5.180791906852126,4.931932231477707,5.433355747168868,3.812675714492798,28007,75
Action Transformer,decrease,BIS,180,180s,4.499718189239502,4.253738880157471,4.753276348114014,6.163638875157241,5.798563009685669,6.517361270085056,4.462958812713623,28007,75
Action Transformer,decrease,BIS,300,300s,4.9633402824401855,4.64855432510376,5.284212589263916,6.919322626113632,6.447440167282932,7.366721210306581,4.8741865158081055,28007,75
Action Transformer,decrease,BIS,0,full_5min_trajectory,4.276104927062988,4.049346446990967,4.503039360046387,5.9089120184222645,5.59319127878086,6.227875268411107,4.229562759399414,28007,75
Action Transformer,decrease,MAP,30,30s,3.3112547397613525,2.978461503982544,3.6500415802001953,8.006704858608883,6.6841111197512,9.31857654555937,3.246260643005371,22144,57
Action Transformer,decrease,MAP,60,60s,3.9464285373687744,3.590336799621582,4.2994585037231445,8.625000884567436,7.512766082164562,9.730883907617804,3.915737628936768,22147,57
Action Transformer,decrease,MAP,180,180s,5.681756496429443,5.216833114624023,6.141265869140625,9.835597364924125,8.84707546727903,10.846846344562948,5.735451698303223,22135,57
Action Transformer,decrease,MAP,300,300s,6.721236705780029,6.244056224822998,7.202368259429932,10.879881366195152,10.072492672748792,11.667943902718774,6.773705959320068,22136,57
Action Transformer,decrease,MAP,0,full_5min_trajectory,5.180628299713135,4.787714958190918,5.571280479431152,9.597875646149271,8.767259849911996,10.411771025676336,5.219759464263916,22214,57
Action Transformer,stop,BIS,30,30s,3.891047716140747,3.5150272846221924,4.27864933013916,5.185632392479873,4.5973341058419175,5.785644180976496,3.899428606033325,1411,54
Action Transformer,stop,BIS,60,60s,4.372588157653809,3.867885828018189,4.916556358337402,5.9611198827357645,5.077532079267566,7.016391092115628,4.471654415130615,1411,54
Action Transformer,stop,BIS,180,180s,5.578982830047607,4.563592910766602,6.698280811309815,7.873248435307517,6.199038757134139,9.523696257508082,5.533691883087158,1411,54
Action Transformer,stop,BIS,300,300s,6.3780517578125,4.887271881103516,8.29349422454834,9.704746178477407,6.553924479762166,13.321457405891902,6.4047136306762695,1411,54
Action Transformer,stop,BIS,0,full_5min_trajectory,5.268558025360107,4.413926601409912,6.27589750289917,7.662741139835212,5.969067630005714,9.480122299371205,5.249510765075684,1411,54
Action Transformer,stop,MAP,30,30s,3.2705862522125244,2.8363349437713623,3.763540267944336,5.508037589593857,3.989886492307341,7.033317838293185,3.696694850921631,924,41
Action Transformer,stop,MAP,60,60s,4.271856307983398,3.7047200202941895,4.966970443725586,6.650329535787705,5.1536642353435465,8.093192887739923,4.327529430389404,925,41
Action Transformer,stop,MAP,180,180s,7.0342206954956055,5.910333633422852,8.207409858703613,10.092065062299175,7.802108567676218,12.672977949842236,6.462982177734375,925,41
Action Transformer,stop,MAP,300,300s,8.373719215393066,7.072861194610596,9.686985969543455,10.664116514858623,9.25510780968259,12.09380677675626,8.116308212280273,926,41
Action Transformer,stop,MAP,0,full_5min_trajectory,6.2728681564331055,5.3714141845703125,7.247951507568359,9.851104798299035,7.707536343449552,12.236245666372202,6.079545021057129,937,41
RSSM,transition,BIS,30,30s,3.32696533203125,3.1578285694122314,3.494250059127808,4.469083333421346,4.266858938971164,4.672817581675036,3.322796106338501,52839,75
RSSM,transition,BIS,60,60s,3.807955741882324,3.6158251762390137,4.008636951446533,5.103568881574882,4.856213881506812,5.349980698310045,3.806555032730103,52839,75
RSSM,transition,BIS,180,180s,4.527967929840088,4.267481803894043,4.800344944000244,6.177752590966662,5.8413364913875006,6.526985784151339,4.522132873535156,52839,75
RSSM,transition,BIS,300,300s,4.981106758117676,4.683357238769531,5.308483123779297,6.947366108354004,6.520268457420748,7.434623610840248,4.926751136779785,52839,75
RSSM,transition,BIS,0,full_5min_trajectory,4.270450592041016,4.033670902252197,4.523471832275391,5.8974970794191846,5.59349204379684,6.2413688571644,4.257352352142334,52839,75
RSSM,transition,MAP,30,30s,3.27388596534729,3.020940065383911,3.516789674758911,8.034427474394713,7.144417254506776,8.887669076934275,3.237419843673706,41263,57
RSSM,transition,MAP,60,60s,3.8937134742736816,3.629527568817138,4.161481857299805,8.525601595685748,7.706465238734947,9.3389737479052,3.876023292541504,41269,57
RSSM,transition,MAP,180,180s,5.701159954071045,5.306000232696533,6.096657752990723,9.95647150189596,9.159500326329344,10.79402973318396,5.696695327758789,41264,57
RSSM,transition,MAP,300,300s,6.721900939941406,6.234447956085205,7.169333934783936,10.867836182113257,10.138254414626,11.577742144268877,6.672021389007568,41252,57
RSSM,transition,MAP,0,full_5min_trajectory,5.191015243530273,4.842377185821533,5.532595157623291,9.652990290972904,8.91563590203176,10.408612690442874,5.192433834075928,41439,57
RSSM,initiation,BIS,30,30s,3.335524082183838,3.0945467948913574,3.572171449661255,4.359383094260519,4.073056634057312,4.640652948674256,3.4168601036071777,3801,73
RSSM,initiation,BIS,60,60s,3.805832624435425,3.527628421783448,4.100531101226807,5.009885742651118,4.633513167662562,5.365833006055719,3.879010200500488,3801,73
RSSM,initiation,BIS,180,180s,4.8714919090271,4.443077087402344,5.348559379577637,6.384085669475707,5.788662504104535,7.053557819815506,4.802469730377197,3801,73
RSSM,initiation,BIS,300,300s,5.277050495147705,4.828268051147461,5.786031723022461,7.138560992213401,6.342678035873179,8.058501442303369,5.112636089324951,3801,73
RSSM,initiation,BIS,0,full_5min_trajectory,4.456847667694092,4.127390861511231,4.786969184875488,5.985805569566255,5.50016593682787,6.530334700554753,4.419123649597168,3801,73
RSSM,initiation,MAP,30,30s,3.2156925201416016,2.78094220161438,3.762486219406128,7.708516739046631,5.549048457324759,10.003989758900763,3.54600191116333,2699,55
RSSM,initiation,MAP,60,60s,4.187687873840332,3.597644567489624,4.892061710357666,8.779105905528665,6.4895757570013295,11.188093627865245,4.606271266937256,2701,55
RSSM,initiation,MAP,180,180s,6.688190937042236,5.880174160003662,7.568358898162842,11.246209417280305,8.995257929718745,13.488717910322604,7.130773544311523,2710,55
RSSM,initiation,MAP,300,300s,7.730062961578369,6.540843963623047,9.162182807922363,12.264859898509975,9.617068899679955,15.162108242826507,7.742663860321045,2722,55
RSSM,initiation,MAP,0,full_5min_trajectory,5.9025702476501465,5.2298994064331055,6.66450834274292,10.455854347527932,8.906067963463125,12.188051494934047,6.3022308349609375,2727,55
RSSM,increase,BIS,30,30s,3.310934543609619,3.119712829589844,3.5095784664154053,4.493491870750951,4.242841188988868,4.752494357856721,3.3180530071258545,19620,75
RSSM,increase,BIS,60,60s,3.8092737197875977,3.5836517810821533,4.048441410064697,5.124230675989514,4.825563411727234,5.434781677577727,3.828678369522095,19620,75
RSSM,increase,BIS,180,180s,4.613332748413086,4.267620086669922,4.976739883422852,6.282723173404412,5.829164959368979,6.731754085045252,4.575465679168701,19620,75
RSSM,increase,BIS,300,300s,5.057452201843262,4.637351512908936,5.507397651672363,7.021512625986281,6.351097324505569,7.778115495282837,4.938612461090088,19620,75
RSSM,increase,BIS,0,full_5min_trajectory,4.322619438171387,4.026692390441895,4.637422561645508,5.960567277883031,5.564417819188626,6.394466821605785,4.28811502456665,19620,75
RSSM,increase,MAP,30,30s,3.2513723373413086,2.993025779724121,3.5337607860565186,8.154772862230457,7.092076847871383,9.165826053800888,3.217748641967773,15496,57
RSSM,increase,MAP,60,60s,3.833707809448242,3.554111957550049,4.1200270652771,8.413626345183578,7.376756103405538,9.507362724956208,3.7795119285583496,15496,57
RSSM,increase,MAP,180,180s,5.553446292877197,5.121129035949707,5.992137432098389,9.631832323534883,8.660979923899344,10.61414923012648,5.443427085876465,15494,57
RSSM,increase,MAP,300,300s,6.503131866455078,5.998653888702393,7.033940315246582,10.424953938114854,9.492525473021235,11.36371631386115,6.335795879364014,15468,57
RSSM,increase,MAP,0,full_5min_trajectory,5.084364891052246,4.731286525726318,5.461272716522217,9.42504991270251,8.594808617325754,10.256331558414676,5.006378173828125,15561,57
RSSM,decrease,BIS,30,30s,3.3184876441955566,3.1603870391845703,3.479185104370117,4.4498986050487535,4.254603641396662,4.655355482776853,3.292850971221924,28007,75
RSSM,decrease,BIS,60,60s,3.7967689037323,3.60871171951294,3.988653898239136,5.090963525914558,4.843936252089476,5.353453097557597,3.7557060718536377,28007,75
RSSM,decrease,BIS,180,180s,4.418074607849121,4.177522659301758,4.6713151931762695,6.036295781375686,5.70201154316858,6.395022495161612,4.403308868408203,28007,75
RSSM,decrease,BIS,300,300s,4.903068065643311,4.592216491699219,5.205289840698242,6.820211263388114,6.365175343485858,7.253949372179311,4.822597026824951,28007,75
RSSM,decrease,BIS,0,full_5min_trajectory,4.204424858093262,3.981128454208374,4.435931205749512,5.805332810277628,5.502268756754583,6.118510954476491,4.170929431915283,28007,75
RSSM,decrease,MAP,30,30s,3.247042179107666,2.9357471466064453,3.562511920928955,7.83385825596561,6.563142290927192,9.114985575201576,3.2002716064453125,22144,57
RSSM,decrease,MAP,60,60s,3.874266624450684,3.530111789703369,4.222324371337891,8.527682833672857,7.394901901120614,9.62809564919658,3.845388889312744,22147,57
RSSM,decrease,MAP,180,180s,5.61137580871582,5.151541709899902,6.078927040100098,9.807388821102244,8.790818400989734,10.882215539644008,5.675062656402588,22135,57
RSSM,decrease,MAP,300,300s,6.651267528533936,6.160170078277588,7.117494583129883,10.835598830999936,9.97398540337112,11.680794000680269,6.71854829788208,22136,57
RSSM,decrease,MAP,0,full_5min_trajectory,5.110758304595947,4.719115257263184,5.49556827545166,9.544189874670847,8.719977179681157,10.36305854865783,5.157860279083252,22214,57
RSSM,stop,BIS,30,30s,3.683401584625244,3.321899652481079,4.0516357421875,4.9774673094507,4.397848791155531,5.544330367853748,3.729732036590576,1411,54
RSSM,stop,BIS,60,60s,4.23272705078125,3.743967294692993,4.79042387008667,5.80275705513491,4.88594157551497,6.892807526201621,4.313044548034668,1411,54
RSSM,stop,BIS,180,180s,5.465970516204834,4.375569343566895,6.745317459106445,7.959811594281304,5.895364084430094,9.98873915832947,5.383886814117432,1411,54
RSSM,stop,BIS,300,300s,6.406360149383545,4.810959339141846,8.500926971435547,10.130083103272115,6.450184888925151,14.223860474115646,6.328434944152832,1411,54
RSSM,stop,BIS,0,full_5min_trajectory,5.1666340827941895,4.258718013763428,6.252431869506836,7.738670189146629,5.732528347605751,9.897739545366417,5.109222888946533,1411,54
RSSM,stop,MAP,30,30s,3.118983507156372,2.666315078735352,3.612035989761353,5.340753083007334,3.8156913782792894,6.928957516864122,3.5562100410461426,924,41
RSSM,stop,MAP,60,60s,4.007699966430664,3.4628055095672607,4.666120052337647,6.449162261733987,4.840534348744162,7.922969464121046,4.093963623046875,925,41
RSSM,stop,MAP,180,180s,6.716610908508301,5.736700534820557,7.853399276733398,9.702891078224,7.511279715702864,12.332252111381436,6.255202770233154,925,41
RSSM,stop,MAP,300,300s,8.145271301269531,6.960495948791504,9.358055114746094,10.374220485588,9.0469745110028,11.642694604192124,8.028952598571777,926,41
RSSM,stop,MAP,0,full_5min_trajectory,5.997294902801514,5.2140631675720215,6.871457099914551,9.565514182963332,7.407125300580912,12.025092910122163,5.872073650360107,937,41
Persistence,large_transition,BIS,30,30s,3.706255197525024,3.504108428955078,3.905869960784912,5.116321006969979,4.866049938229444,5.386469646445174,3.774645805358887,18364,75
Persistence,large_transition,BIS,60,60s,4.586151123046875,4.352058410644531,4.851812839508057,6.300533320544461,5.964828081491373,6.690187858829211,4.668901443481445,18364,75
Persistence,large_transition,BIS,180,180s,6.083008766174316,5.677427291870117,6.5218281745910645,8.475389193710415,7.877051676562391,9.141798886293737,6.197751045227051,18364,75
Persistence,large_transition,BIS,300,300s,7.119452476501465,6.573873519897461,7.6663408279418945,10.072442681023308,9.173703169057978,11.019581791580302,7.115536212921143,18364,75
Persistence,large_transition,BIS,0,full_5min_trajectory,5.591555118560791,5.248363018035889,5.973069190979004,7.994849454358197,7.4534262030496174,8.608027911853561,5.677485466003418,18364,75
Persistence,large_transition,MAP,30,30s,3.751063585281372,3.246328830718994,4.346505641937256,10.921749261615272,8.725278099022027,13.023849325184823,3.8258347511291504,13269,57
Persistence,large_transition,MAP,60,60s,4.655844211578369,4.0253071784973145,5.349009037017822,12.043841067782967,9.811342596325971,14.203778175299874,4.813008785247803,13268,57
Persistence,large_transition,MAP,180,180s,7.250053882598877,6.455482482910156,7.999734401702881,14.1612095513424,12.359712656378472,15.788545942657242,7.476631164550781,13287,57
Persistence,large_transition,MAP,300,300s,8.903095245361328,8.04387378692627,9.78138828277588,15.346924494199614,13.889873059477486,16.799094148464803,9.147552490234377,13297,57
Persistence,large_transition,MAP,0,full_5min_trajectory,6.544714450836182,5.85323429107666,7.2359795570373535,13.649284349621997,11.954763342582254,15.318366223262846,6.792218208312988,13341,57
Persistence,large_initiation,BIS,30,30s,3.619589328765869,3.3475379943847656,3.937075138092041,4.994996046459936,4.606986354733979,5.4132412374269885,3.700072765350342,4119,71
Persistence,large_initiation,BIS,60,60s,4.5037360191345215,4.144209861755371,4.898508548736572,6.0525746061319206,5.566515555396104,6.579210785260248,4.594197750091553,4119,71
Persistence,large_initiation,BIS,180,180s,5.755376815795898,5.2572550773620605,6.274974346160889,7.780124322442171,7.079255878978301,8.48967519761136,5.888006687164307,4119,71
Persistence,large_initiation,BIS,300,300s,6.144208908081055,5.576456069946289,6.741599082946777,8.597367846423623,7.638971754453085,9.579047751355764,6.417819976806641,4119,71
Persistence,large_initiation,BIS,0,full_5min_trajectory,5.239028930664063,4.847283363342285,5.642680644989014,7.252922258415644,6.645253155136349,7.863068033389071,5.363677501678467,4119,71
Persistence,large_initiation,MAP,30,30s,3.892177104949951,3.096389055252075,4.814621448516846,11.54688028585806,8.104980689372287,14.643276174045718,4.301060199737549,2830,53
Persistence,large_initiation,MAP,60,60s,5.166692733764648,4.141186714172363,6.3114333152771,13.71959195344893,10.063206997314564,17.18879611590243,5.743734359741211,2833,53
Persistence,large_initiation,MAP,180,180s,8.20624828338623,6.917751789093018,9.548011779785156,15.78369170080481,12.635073429403022,18.60304143506555,8.638986587524414,2842,53
Persistence,large_initiation,MAP,300,300s,9.970677375793455,8.39625072479248,11.474844932556152,17.304769504602536,14.581724648531322,19.97575587440701,10.11457633972168,2854,53
Persistence,large_initiation,MAP,0,full_5min_trajectory,7.354800701141357,6.210179328918457,8.554743766784668,15.243020383446195,12.384693395202165,18.049313282253635,7.834227561950684,2858,53
Persistence,large_increase,BIS,30,30s,3.770333766937256,3.4722254276275635,4.0781121253967285,5.222393112001832,4.838869059819264,5.632788458361488,3.817570209503174,3005,68
Persistence,large_increase,BIS,60,60s,4.651474952697754,4.216898441314697,5.124711036682129,6.514679984300961,5.823251931826704,7.194387038831172,4.685923099517822,3005,68
Persistence,large_increase,BIS,180,180s,6.65466833114624,5.847714424133301,7.510914802551269,9.272464588680824,8.159241343367434,10.36474175771406,6.579601287841797,3005,68
Persistence,large_increase,BIS,300,300s,7.638926029205322,6.728349685668945,8.626142501831055,10.750850555127784,9.416333037911274,12.074086055563312,7.552346229553223,3005,68
Persistence,large_increase,BIS,0,full_5min_trajectory,5.9927239418029785,5.372787952423096,6.62894344329834,8.594058499434317,7.632615085887432,9.570483895148913,5.956655502319336,3005,68
Persistence,large_increase,MAP,30,30s,4.420370578765869,3.1174187660217285,6.2499847412109375,13.006745569044224,7.628563220334523,18.08551902863604,4.177487373352051,2141,50
Persistence,large_increase,MAP,60,60s,5.857883930206299,3.8843297958374015,8.967317581176758,15.637309604281558,8.242940020445621,23.200085291212428,5.0,2138,50
Persistence,large_increase,MAP,180,180s,7.704547882080078,6.087390422821045,9.939939498901367,16.122351140538658,10.499687553480014,22.27866189057964,7.400280475616455,2141,50
Persistence,large_increase,MAP,300,300s,9.417048454284668,7.609452724456787,11.548736572265623,17.61621827295048,12.57279038174893,23.660376487438736,9.411791801452637,2137,50
Persistence,large_increase,MAP,0,full_5min_trajectory,7.165030956268311,5.615884780883789,9.458898544311523,15.919593475365458,10.49799146060956,22.23968541094353,6.918329238891602,2155,50
Persistence,large_decrease,BIS,30,30s,3.718551874160767,3.5088541507720947,3.945603370666504,5.112490949179699,4.824111208315508,5.415208219151198,3.781524419784546,10560,75
Persistence,large_decrease,BIS,60,60s,4.582852363586426,4.316565990447998,4.8842387199401855,6.275222543364498,5.894418643308102,6.727449117217897,4.690871238708496,10560,75
Persistence,large_decrease,BIS,180,180s,6.0078606605529785,5.590178489685059,6.459851741790772,8.378675878243307,7.74097631009154,9.100089573681318,6.156259536743164,10560,75
Persistence,large_decrease,BIS,300,300s,7.3053297996521,6.6568603515625,8.034152030944824,10.249962783373746,9.271458248264748,11.34527997925204,7.19129753112793,10560,75
Persistence,large_decrease,BIS,0,full_5min_trajectory,5.576324939727783,5.198539733886719,5.99015474319458,7.974083645112336,7.393535016917599,8.631395263333417,5.676571369171143,10560,75
Persistence,large_decrease,MAP,30,30s,3.5987470149993896,2.9891531467437744,4.33861780166626,10.259705577291916,7.517562140717613,13.078522269391774,3.564211368560791,7779,57
Persistence,large_decrease,MAP,60,60s,4.335484027862549,3.642853260040283,5.143418312072754,10.928611762420282,8.195547560529103,13.657449420833204,4.429030418395996,7778,57
Persistence,large_decrease,MAP,180,180s,6.877716064453125,6.115916728973389,7.649825096130371,13.000771132853163,11.096971844546257,14.655312969779509,7.117103099822998,7788,57
Persistence,large_decrease,MAP,300,300s,8.429620742797852,7.61889123916626,9.325910568237305,14.168820625065216,12.540605434665776,15.731039593410635,8.762002944946289,7790,57
Persistence,large_decrease,MAP,0,full_5min_trajectory,6.1599440574646,5.489182472229004,6.879645347595215,12.519570251499312,10.69433089907481,14.253732828144802,6.40886116027832,7809,57
Persistence,large_stop,BIS,30,30s,3.9089434146881104,3.33308219909668,4.573517799377441,5.518006585963744,4.641541669841603,6.69382071150501,3.929852962493897,680,33
Persistence,large_stop,BIS,60,60s,4.913144111633301,4.118001937866211,5.8410491943359375,7.006004210762416,5.484635306155581,9.151668092191112,4.704999923706055,680,33
Persistence,large_stop,BIS,180,180s,7.776033401489258,5.739986419677734,10.398290634155272,11.099531187862487,7.990359696753088,14.639179887157432,7.030882358551025,680,33
Persistence,large_stop,BIS,300,300s,8.688414573669434,6.62569522857666,11.442269325256348,12.478644477392727,8.72244807745321,16.488921174060327,8.234999656677246,680,33
Persistence,large_stop,BIS,0,full_5min_trajectory,6.874422073364258,5.386308193206787,8.842032432556152,10.211538587534546,7.55321266587455,13.25212166551814,6.358838081359863,680,33
Persistence,large_stop,MAP,30,30s,4.241000175476074,2.6608026027679443,6.107158184051514,12.188333179653492,4.401661749801769,19.57307630808477,3.705202341079712,519,24
Persistence,large_stop,MAP,60,60s,5.090111255645752,3.520578384399414,6.846776962280273,11.59357561252776,6.350713506546829,16.55905311273064,4.716763019561768,519,24
Persistence,large_stop,MAP,180,180s,6.790153503417969,4.986121654510498,8.865178108215332,13.72897895989538,8.012189638313172,18.5764157316622,6.817829608917236,516,24
Persistence,large_stop,MAP,300,300s,8.316460609436035,6.454202175140381,10.416281700134276,13.534970236817053,8.966215938693276,17.966902078892176,8.52519416809082,516,24
Persistence,large_stop,MAP,0,full_5min_trajectory,6.339334487915039,4.751683235168457,8.079402923583984,13.06127573509284,7.957869697633389,18.08629521784468,6.298583984375,519,24
State-only,large_transition,BIS,30,30s,3.582705020904541,3.411449670791626,3.769840717315674,4.788014133824494,4.56063323827488,5.040204343134973,3.641623020172119,18364,75
State-only,large_transition,BIS,60,60s,4.277685165405273,4.0451250076293945,4.5295915603637695,5.76017623684736,5.448256103366571,6.123870745510134,4.345830917358398,18364,75
State-only,large_transition,BIS,180,180s,5.475306510925293,5.09547758102417,5.852635860443115,7.544698902995747,7.047515637020803,8.062394488923221,5.512503147125244,18364,75
State-only,large_transition,BIS,300,300s,6.347508907318115,5.870997905731201,6.803325653076172,9.00341096455016,8.247002721840401,9.719274377935513,6.299061298370361,18364,75
State-only,large_transition,BIS,0,full_5min_trajectory,5.095975875854492,4.776801586151123,5.422939777374268,7.181340505695315,6.70476577702427,7.661665266411801,5.128129959106445,18364,75
State-only,large_transition,MAP,30,30s,3.622014999389648,3.227830410003662,4.055179595947266,8.711068875130401,7.246846532662931,10.180259331358457,3.705850601196289,13274,57
State-only,large_transition,MAP,60,60s,4.282491207122803,3.845566987991333,4.737362384796143,9.062342990962096,7.646840568811046,10.411049958706172,4.391125202178955,13276,57
State-only,large_transition,MAP,180,180s,6.297057628631592,5.712804794311523,6.885874271392822,10.657121997405214,9.25326480469993,12.05203473018956,6.347145080566406,13296,57
State-only,large_transition,MAP,300,300s,7.511475086212158,6.900444030761719,8.160239219665527,11.380129150301372,10.391200641949418,12.403364254274674,7.528913974761963,13308,57
State-only,large_transition,MAP,0,full_5min_trajectory,5.757306098937988,5.279661655426025,6.250644683837891,10.299672790070543,9.231710963016958,11.22892482593868,5.871960163116455,13364,57
State-only,large_initiation,BIS,30,30s,3.450636148452759,3.1977219581604004,3.737253189086914,4.654958456245352,4.29982076759286,5.064065385092031,3.5497257709503174,4119,71
State-only,large_initiation,BIS,60,60s,4.070126056671143,3.732387065887451,4.437199592590332,5.4941590244759455,5.024499190696479,5.999486901278582,4.201599597930908,4119,71
State-only,large_initiation,BIS,180,180s,5.134218692779541,4.703221321105957,5.586575984954834,6.900053394498033,6.271350860362505,7.524236808931838,5.2137861251831055,4119,71
State-only,large_initiation,BIS,300,300s,5.504634380340576,4.982549667358398,6.071030616760254,7.785632021808114,6.774121171884009,8.862593885174654,5.734962463378906,4119,71
State-only,large_initiation,BIS,0,full_5min_trajectory,4.705689907073975,4.351768970489502,5.074971675872803,6.509331387407157,5.906688532620179,7.094634013612638,4.8301310539245605,4119,71
State-only,large_initiation,MAP,30,30s,3.686502456665039,3.119624614715576,4.3343892097473145,8.992998578755586,6.616382392266439,11.238282947188784,3.9461607933044434,2831,53
State-only,large_initiation,MAP,60,60s,4.547150135040283,3.934776782989502,5.225406646728516,9.689518281440373,7.61033144977212,11.838223015719963,4.873954772949219,2836,53
State-only,large_initiation,MAP,180,180s,6.998502731323242,6.092366695404053,7.985894680023193,11.660730722866854,9.32327200498335,13.749747534081363,7.14086389541626,2847,53
State-only,large_initiation,MAP,300,300s,8.028685569763184,6.857922077178955,9.312003135681152,12.352666874252296,10.012880803366324,14.716532351844664,7.849774837493896,2860,53
State-only,large_initiation,MAP,0,full_5min_trajectory,6.284202098846436,5.5625901222229,7.053869247436523,11.104224533493294,9.521514222709628,12.670847821731757,6.473897457122803,2864,53
State-only,large_increase,BIS,30,30s,3.682407379150391,3.3894357681274414,4.000850677490234,4.934830921990914,4.53989548516652,5.362243774268169,3.733571767807007,3005,68
State-only,large_increase,BIS,60,60s,4.506656169891357,4.060176849365234,4.973330974578857,6.064719826059858,5.431442394294903,6.682946482027267,4.51785945892334,3005,68
State-only,large_increase,BIS,180,180s,5.967411994934082,5.320159912109375,6.667360305786133,7.849705111073316,7.0188318072856575,8.674396100310275,5.890562534332275,3005,68
State-only,large_increase,BIS,300,300s,6.598379611968994,5.762978553771973,7.454925537109375,9.124811876003852,7.888031123395883,10.280812170103738,6.602131366729736,3005,68
State-only,large_increase,BIS,0,full_5min_trajectory,5.44640588760376,4.915390491485596,5.978360652923584,7.411334003005233,6.737647728370866,8.063793463045073,5.409051895141602,3005,68
State-only,large_increase,MAP,30,30s,4.143253326416016,3.217374086380005,5.537949085235596,10.619623955859604,6.360161360127231,14.914186807856757,3.869234561920166,2141,50
State-only,large_increase,MAP,60,60s,5.074947834014893,3.842006921768189,6.976673603057861,11.312492581359791,6.353354113379029,16.839619485719627,4.44050931930542,2138,50
State-only,large_increase,MAP,180,180s,6.5203166007995605,5.588257789611816,7.679293155670166,10.237990624452006,7.583034663205038,13.39209546057656,6.452072620391846,2141,50
State-only,large_increase,MAP,300,300s,7.7968668937683105,6.754775524139404,8.857966423034668,11.437970261208458,9.315051657287237,13.569279114726744,8.04941177368164,2137,50
State-only,large_increase,MAP,0,full_5min_trajectory,6.058231353759766,5.235872268676758,6.952978610992432,10.481181037689607,8.262530896104536,12.9005324142946,6.072043418884277,2155,50
State-only,large_decrease,BIS,30,30s,3.579659938812256,3.383988380432129,3.789726972579956,4.766806134048719,4.518537908407089,5.050184363597357,3.640778779983521,10560,75
State-only,large_decrease,BIS,60,60s,4.255908012390137,3.9973645210266113,4.54447078704834,5.692917475882382,5.343995384248579,6.107289458310281,4.341233253479004,10560,75
State-only,large_decrease,BIS,180,180s,5.371136665344238,4.964437961578369,5.81286096572876,7.441230159087782,6.897278356748316,8.011921106811858,5.431217670440674,10560,75
State-only,large_decrease,BIS,300,300s,6.53270435333252,5.979473114013672,7.124428749084473,9.217218407596722,8.388586610087627,10.093002811329823,6.36538553237915,10560,75
State-only,large_decrease,BIS,0,full_5min_trajectory,5.079022407531738,4.732469081878662,5.4620466232299805,7.172955732842111,6.676460066424024,7.678173827969743,5.10550594329834,10560,75
State-only,large_decrease,MAP,30,30s,3.4870405197143555,3.017019748687744,4.041170120239258,8.344710048348931,6.436272661558535,10.272581951067911,3.559812545776367,7782,57
State-only,large_decrease,MAP,60,60s,4.059785842895508,3.588317394256592,4.576057434082031,8.641138430581057,6.886325731925672,10.37908634464563,4.180387020111084,7782,57
State-only,large_decrease,MAP,180,180s,5.927613735198975,5.355292797088623,6.524366855621338,9.839041610193998,8.477938576380629,11.255272541042466,6.026724338531494,7792,57
State-only,large_decrease,MAP,300,300s,7.202190399169922,6.52966833114624,7.903847694396973,10.800728978173693,9.659697377142244,11.966125359861884,7.293624877929687,7795,57
State-only,large_decrease,MAP,0,full_5min_trajectory,5.430222511291504,4.941544532775879,5.920527458190918,9.625485494680296,8.607473506127766,10.590756153635194,5.567535400390625,7814,57
State-only,large_stop,BIS,30,30s,3.9025254249572754,3.337396144866944,4.509756565093994,5.2464727632656665,4.409193422078553,6.251878074760409,3.805055618286133,680,33
State-only,large_stop,BIS,60,60s,4.694849967956543,3.7751145362854,5.820484638214111,6.789313097719621,5.081801553706127,9.141613611735597,4.530675411224365,680,33
State-only,large_stop,BIS,180,180s,7.555891513824463,5.476086616516113,10.149493217468262,10.916782834742913,7.825302498427427,14.481083599874786,6.913558483123779,680,33
State-only,large_stop,BIS,300,300s,7.206779479980469,5.104609489440918,10.107037544250488,11.390045611764949,6.81286620109506,15.735651655785553,7.3467254638671875,680,33
State-only,large_stop,BIS,0,full_5min_trajectory,6.375,4.835389137268066,8.367583274841309,9.716929372526286,6.972131840836478,12.946270757004578,6.043123245239258,680,33
State-only,large_stop,MAP,30,30s,4.498574733734131,3.0369691848754883,6.235095024108887,9.98824955081497,4.853318147076613,15.221375162606703,3.9103710651397705,520,24
State-only,large_stop,MAP,60,60s,5.1386027336120605,3.646549701690674,6.7336506843566895,9.078161978194911,6.1775160879668976,11.530839121871928,4.708581447601318,520,24
State-only,large_stop,MAP,180,180s,6.665290832519531,4.976268291473389,8.689596176147461,11.829872234102757,6.872057475763377,16.16458263270206,6.371086120605469,516,24
State-only,large_stop,MAP,300,300s,7.055805206298828,5.4149274826049805,8.887349128723145,10.33664314012291,7.460280208694331,13.172727582134424,7.149294853210449,516,24
State-only,large_stop,MAP,0,full_5min_trajectory,6.416555881500244,4.942487239837647,8.164507865905762,11.249845715630428,7.893253545787436,14.377443852216318,6.293142795562744,531,24
Action Transformer,large_transition,BIS,30,30s,3.5348620414733887,3.3781497478485107,3.720756053924561,4.708910251257135,4.491626153785631,4.9432524960048125,3.584228992462158,18364,75
Action Transformer,large_transition,BIS,60,60s,4.186252117156982,3.979262113571167,4.420925140380859,5.575814417723965,5.295495858033154,5.898664497908549,4.230309009552002,18364,75
Action Transformer,large_transition,BIS,180,180s,5.162619590759277,4.862838268280029,5.466263294219971,6.942770390806748,6.5392299252386525,7.366532200525357,5.129661560058594,18364,75
Action Transformer,large_transition,BIS,300,300s,5.8017168045043945,5.419635772705078,6.200331211090088,7.996418866665384,7.405631381568217,8.595339874240631,5.700014114379883,18364,75
Action Transformer,large_transition,BIS,0,full_5min_trajectory,4.820044994354248,4.553239822387695,5.104910850524902,6.60963991324148,6.228078315433568,7.014167073422668,4.808267593383789,18364,75
Action Transformer,large_transition,MAP,30,30s,3.635869026184082,3.244561195373535,4.093391418457031,8.762820633315517,7.275764986173839,10.255271858469344,3.711317777633667,13274,57
Action Transformer,large_transition,MAP,60,60s,4.343650817871094,3.912453174591065,4.796205997467041,9.14664598705449,7.751155397981781,10.50570850508654,4.427404403686523,13276,57
Action Transformer,large_transition,MAP,180,180s,6.437910079956055,5.808286666870117,7.075414180755615,10.79012598849783,9.392050331851674,12.23972746202817,6.411203384399414,13296,57
Action Transformer,large_transition,MAP,300,300s,7.526153087615967,6.938201904296875,8.228694915771484,11.450025027052002,10.32533972229773,12.62511844390603,7.47372579574585,13308,57
Action Transformer,large_transition,MAP,0,full_5min_trajectory,5.820001602172852,5.329339027404785,6.331270217895508,10.373128699251277,9.324786587234096,11.30997704460587,5.885676860809326,13364,57
Action Transformer,large_initiation,BIS,30,30s,3.383869409561157,3.1321563720703125,3.666049003601074,4.558591030352123,4.217518944734491,4.938031904325322,3.492076873779297,4119,71
Action Transformer,large_initiation,BIS,60,60s,3.9062130451202393,3.5992956161499023,4.242655754089356,5.256310076829496,4.844369368792891,5.721101537957283,4.055291652679443,4119,71
Action Transformer,large_initiation,BIS,180,180s,4.749976634979248,4.3624444007873535,5.156576633453369,6.289757276743022,5.767838050780318,6.794917383765402,4.874443531036377,4119,71
Action Transformer,large_initiation,BIS,300,300s,5.055352210998535,4.626442909240723,5.486367702484131,6.909410124801181,6.1794689733012005,7.644984587110572,5.250732898712158,4119,71
Action Transformer,large_initiation,BIS,0,full_5min_trajectory,4.409652233123779,4.108421325683594,4.717957973480225,5.955730839106218,5.512665124612871,6.373525710826957,4.54074239730835,4119,71
Action Transformer,large_initiation,MAP,30,30s,3.6941115856170654,3.105786085128784,4.365009307861328,8.949256260833652,6.584261897147212,11.148441263905289,3.9462714195251465,2831,53
Action Transformer,large_initiation,MAP,60,60s,4.591614246368408,3.9516308307647705,5.284278869628906,9.64908944216957,7.552819479656929,11.801630741519569,4.881535053253174,2836,53
Action Transformer,large_initiation,MAP,180,180s,6.969081878662109,6.00800895690918,8.013691902160645,11.639567118457547,9.259978814317105,13.775578237813932,7.154802322387695,2847,53
Action Transformer,large_initiation,MAP,300,300s,7.780910491943359,6.634052753448486,9.043278694152832,12.158907641485714,9.755532675648446,14.620501486635236,7.616609573364258,2860,53
Action Transformer,large_initiation,MAP,0,full_5min_trajectory,6.235708713531494,5.498289108276367,7.000723838806152,11.03176316750792,9.444368603969073,12.552703833643022,6.427679061889648,2864,53
Action Transformer,large_increase,BIS,30,30s,3.613101720809937,3.338054656982422,3.904762744903565,4.80085812686362,4.443719937293924,5.150544124857537,3.6259262561798096,3005,68
Action Transformer,large_increase,BIS,60,60s,4.363030910491943,3.915625095367432,4.832508563995361,5.832003777982851,5.228344349839912,6.419042403442843,4.305124759674072,3005,68
Action Transformer,large_increase,BIS,180,180s,5.828817367553711,5.1538567543029785,6.508481502532959,7.699723117358466,6.830738536398295,8.534760699501417,5.5495123863220215,3005,68
Action Transformer,large_increase,BIS,300,300s,6.441925525665283,5.6399688720703125,7.253386497497559,8.766003605627093,7.659192076622805,9.900215115762832,6.203333854675293,3005,68
Action Transformer,large_increase,BIS,0,full_5min_trajectory,5.306482791900635,4.753536224365234,5.809986114501953,7.180911552348786,6.477778082546418,7.83871894374043,5.114964485168457,3005,68
Action Transformer,large_increase,MAP,30,30s,4.2745561599731445,3.3309555053710938,5.687033176422119,10.846198517353075,6.486164627380832,15.336637942486163,3.920637607574463,2141,50
Action Transformer,large_increase,MAP,60,60s,5.233474254608154,3.965152263641357,7.14098072052002,11.94225276583304,6.551032810465008,18.008884356658086,4.460606575012207,2138,50
Action Transformer,large_increase,MAP,180,180s,6.598851203918457,5.577732086181641,7.786375045776367,10.427220930829654,7.709804277718885,13.616562777013572,6.457361698150635,2141,50
Action Transformer,large_increase,MAP,300,300s,7.739189624786377,6.621704578399658,9.008790016174316,11.586346424214756,9.236237055812929,13.855038692402442,7.914502143859863,2137,50
Action Transformer,large_increase,MAP,0,full_5min_trajectory,6.135359287261963,5.316661357879639,7.0585618019104,10.666398124493352,8.480934752281787,13.021143811402537,6.038437366485596,2155,50
Action Transformer,large_decrease,BIS,30,30s,3.555466651916504,3.3794069290161133,3.762295246124268,4.719124482307772,4.488286137059458,4.98455293630768,3.6050422191619873,10560,75
Action Transformer,large_decrease,BIS,60,60s,4.209868907928467,3.9825825691223145,4.490460395812988,5.5579012602291735,5.248112112022421,5.93906229446198,4.276978015899658,10560,75
Action Transformer,large_decrease,BIS,180,180s,5.0456366539001465,4.737793445587158,5.372147083282471,6.806273248245706,6.367256997320108,7.296545115167573,5.0564961433410645,10560,75
Action Transformer,large_decrease,BIS,300,300s,5.866744995117188,5.438403606414795,6.305219650268555,8.093930039925656,7.416535137024613,8.821803599604788,5.696815013885498,10560,75
Action Transformer,large_decrease,BIS,0,full_5min_trajectory,4.7810235023498535,4.502610683441162,5.089070796966553,6.567237524531397,6.16824612709511,7.026095387051008,4.790931701660156,10560,75
Action Transformer,large_decrease,MAP,30,30s,3.478843212127685,3.0101687908172607,4.014520168304443,8.376172794953431,6.4601991316866485,10.310162273502636,3.547217845916748,7782,57
Action Transformer,large_decrease,MAP,60,60s,4.091475486755371,3.6160154342651367,4.591882705688477,8.698292566883547,7.0388725500695815,10.452698748783137,4.2150983810424805,7782,57
Action Transformer,large_decrease,MAP,180,180s,6.060561656951904,5.479020118713379,6.680424690246582,9.967899298169952,8.605530810034958,11.425172927182135,6.103109359741211,7792,57
Action Transformer,large_decrease,MAP,300,300s,7.22623872756958,6.594905376434326,7.908797264099121,10.861990326929254,9.708684388281943,12.002133497678392,7.286321640014648,7795,57
Action Transformer,large_decrease,MAP,0,full_5min_trajectory,5.4791998863220215,4.987410545349121,5.947826862335205,9.691749871099896,8.728791610441599,10.681997567004236,5.5931901931762695,7814,57
Action Transformer,large_stop,BIS,30,30s,3.714731454849243,3.1752541065216064,4.339868545532227,5.0472034075861085,4.216333898347995,6.049153531971985,3.634944677352905,680,33
Action Transformer,large_stop,BIS,60,60s,4.462450981140137,3.6116130352020255,5.409579753875732,6.330672290650601,4.885343484662544,8.19160370231741,4.235098838806152,680,33
Action Transformer,large_stop,BIS,180,180s,6.687148571014404,5.020709037780762,8.469639778137207,9.176337487131471,6.965914435895883,11.4439438974818,5.956457138061523,680,33
Action Transformer,large_stop,BIS,300,300s,6.081552505493164,4.588751792907715,7.9461259841918945,9.062643957638944,6.024770784568638,12.194499817772932,6.24692440032959,680,33
Action Transformer,large_stop,BIS,0,full_5min_trajectory,5.725382328033447,4.538480758666992,7.136999607086182,8.279209101401326,6.323880653698075,10.273337986685334,5.34264612197876,680,33
Action Transformer,large_stop,MAP,30,30s,4.545831680297852,3.019963502883911,6.315841197967529,10.390416468772138,4.915062443287077,15.791325682059597,4.026150226593018,520,24
Action Transformer,large_stop,MAP,60,60s,5.412699222564697,3.845276117324829,7.28896427154541,9.619665079294236,6.338415148268286,12.745990197441753,4.991365909576416,520,24
Action Transformer,large_stop,MAP,180,180s,7.243650436401367,5.171337127685547,9.648370742797852,12.574540322852949,7.288161766928473,17.11809762670554,6.769375324249268,516,24
Action Transformer,large_stop,MAP,300,300s,7.964074611663818,6.248297691345215,9.994239807128906,11.518033028206997,8.26950864649131,15.0363263541828,7.687349319458008,516,24
Action Transformer,large_stop,MAP,0,full_5min_trajectory,6.881361484527588,5.2618327140808105,8.85900592803955,11.950977007777636,8.326788761087755,15.515490758954773,6.646501064300537,531,24
RSSM,large_transition,BIS,30,30s,3.4427192211151123,3.289079666137696,3.61629581451416,4.613847844717476,4.393793774925294,4.849667386319867,3.494727611541748,18364,75
RSSM,large_transition,BIS,60,60s,4.080907344818115,3.880755662918091,4.314775466918945,5.456644316207857,5.1705147144273145,5.774749895765407,4.124496936798096,18364,75
RSSM,large_transition,BIS,180,180s,5.064990043640137,4.7864203453063965,5.370838642120361,6.801953192298857,6.4196681479371405,7.221520358811198,5.025731563568115,18364,75
RSSM,large_transition,BIS,300,300s,5.7359113693237305,5.365530967712402,6.137326240539551,7.942906978603737,7.355788731920755,8.562563262482996,5.597711563110352,18364,75
RSSM,large_transition,BIS,0,full_5min_trajectory,4.73262357711792,4.480231761932373,5.006076335906982,6.503227899590608,6.142169787202582,6.902486336600249,4.704875946044922,18364,75
RSSM,large_transition,MAP,30,30s,3.509615659713745,3.1309456825256348,3.941758394241333,8.561723437213564,7.1406033638724455,10.008832464124968,3.621472835540772,13274,57
RSSM,large_transition,MAP,60,60s,4.213107585906982,3.785632371902466,4.663453578948975,8.983886705480767,7.575098562071497,10.346812368265022,4.320589542388916,13276,57
RSSM,large_transition,MAP,180,180s,6.300039291381836,5.712320327758789,6.865041255950928,10.762398245903093,9.3830844861963,12.203873341531072,6.3282999992370605,13296,57
RSSM,large_transition,MAP,300,300s,7.454258918762207,6.835093975067139,8.114995956420898,11.456926035145932,10.350053324539,12.518126505629247,7.5007004737854,13308,57
RSSM,large_transition,MAP,0,full_5min_trajectory,5.709368705749512,5.226420879364014,6.157265663146973,10.328768019057447,9.278631078448017,11.245519127165856,5.827888011932373,13364,57
RSSM,large_initiation,BIS,30,30s,3.315579414367676,3.0620858669281006,3.609057664871216,4.494845935527809,4.153111929546424,4.907310808511918,3.393257141113281,4119,71
RSSM,large_initiation,BIS,60,60s,3.87567400932312,3.5784716606140137,4.24640417098999,5.218963984139863,4.774988000664938,5.730888450142658,3.9754600524902335,4119,71
RSSM,large_initiation,BIS,180,180s,4.816403388977051,4.445757389068604,5.240810394287109,6.291735347684511,5.8037322170914365,6.7668703972475,4.869734764099121,4119,71
RSSM,large_initiation,BIS,300,300s,5.140307426452637,4.705882549285889,5.590178966522217,6.959463731999163,6.192788378361554,7.790486564278455,5.26475715637207,4119,71
RSSM,large_initiation,BIS,0,full_5min_trajectory,4.454600811004639,4.1633806228637695,4.781318187713623,5.971460176489859,5.5297891013024,6.427544757059565,4.520965099334717,4119,71
RSSM,large_initiation,MAP,30,30s,3.5331101417541504,2.985726118087769,4.161237239837647,8.76875823082405,6.470755003753697,10.92517441669268,3.838079690933228,2831,53
RSSM,large_initiation,MAP,60,60s,4.405789852142334,3.790611505508423,5.062201499938965,9.437999989989148,7.377238822820214,11.582159042296675,4.762788772583008,2836,53
RSSM,large_initiation,MAP,180,180s,6.840662002563477,5.914603233337402,7.832025051116943,11.616176743394922,9.071400868702868,13.858527225339234,7.0315022468566895,2847,53
RSSM,large_initiation,MAP,300,300s,7.863437175750732,6.669609546661377,9.176779747009276,12.306060191289518,9.90178745971963,14.763108974625895,7.745002269744873,2860,53
RSSM,large_initiation,MAP,0,full_5min_trajectory,6.119472980499268,5.402901649475098,6.861965179443359,11.010989508378133,9.339945449179687,12.63041404740118,6.359857082366943,2864,53
RSSM,large_increase,BIS,30,30s,3.495413064956665,3.226034879684448,3.7831027507781982,4.688216091136105,4.313010365237316,5.080602798441562,3.512913703918457,3005,68
RSSM,large_increase,BIS,60,60s,4.205465316772461,3.754687547683716,4.684473037719727,5.6699521507114525,5.036661401052056,6.344861163460848,4.17649507522583,3005,68
RSSM,large_increase,BIS,180,180s,5.5882649421691895,4.970537662506104,6.220410346984863,7.376053298476285,6.553486183119924,8.171888070615742,5.32131290435791,3005,68
RSSM,large_increase,BIS,300,300s,6.139542579650879,5.427432060241699,6.843962669372559,8.412514546850815,7.371226492991945,9.360188902554471,5.906185150146484,3005,68
RSSM,large_increase,BIS,0,full_5min_trajectory,5.070127010345459,4.593010902404785,5.53864336013794,6.882606598527036,6.259940215486474,7.501768030943632,4.899245262145996,3005,68
RSSM,large_increase,MAP,30,30s,4.044631004333496,3.1587178707122803,5.354482173919678,10.555195285828333,6.242568824397834,14.931049310765395,3.813087940216065,2141,50
RSSM,large_increase,MAP,60,60s,5.027513027191162,3.809463262557984,6.881947994232178,11.649226713916532,6.41414338408197,17.46002077431333,4.414111137390137,2138,50
RSSM,large_increase,MAP,180,180s,6.429416656494141,5.470503330230713,7.546257495880127,10.355401337129688,7.578128271987051,13.57737654366976,6.504911422729492,2141,50
RSSM,large_increase,MAP,300,300s,7.788674831390381,6.676780700683594,8.899452209472656,11.596418788183597,9.399055238686644,13.79441623228229,8.172301292419434,2137,50
RSSM,large_increase,MAP,0,full_5min_trajectory,6.016500473022461,5.203060626983643,6.882241725921631,10.606015107358632,8.459873403769851,12.823425696046716,6.125783920288086,2155,50
RSSM,large_decrease,BIS,30,30s,3.474379062652588,3.3044214248657227,3.681068658828736,4.636835368360232,4.395668255687922,4.914124019947284,3.530571699142456,10560,75
RSSM,large_decrease,BIS,60,60s,4.104138851165772,3.873545169830322,4.374838352203369,5.449527811016025,5.133057749563272,5.843525764936655,4.171034336090088,10560,75
RSSM,large_decrease,BIS,180,180s,4.940281391143799,4.655837059020996,5.268828868865967,6.64476146444954,6.243377228416412,7.085900623095194,4.952167510986328,10560,75
RSSM,large_decrease,BIS,300,300s,5.770707607269287,5.363393783569336,6.214439392089844,7.982490929402193,7.361600956323069,8.593744229401471,5.584837913513184,10560,75
RSSM,large_decrease,BIS,0,full_5min_trajectory,4.681397438049316,4.420114994049072,4.989016056060791,6.440207495338004,6.053994100920037,6.856510893901037,4.6846604347229,10560,75
RSSM,large_decrease,MAP,30,30s,3.395420551300049,2.9476513862609863,3.936347723007202,8.225513996424242,6.345236618163149,10.079648398064949,3.471632719039917,7782,57
RSSM,large_decrease,MAP,60,60s,3.9820399284362793,3.51822566986084,4.480327129364014,8.54330096233346,6.803875705021,10.25259701463164,4.098425388336182,7782,57
RSSM,large_decrease,MAP,180,180s,5.91459846496582,5.334685325622559,6.509067535400391,9.912533665488032,8.528724604041452,11.388340096832936,5.995933532714844,7792,57
RSSM,large_decrease,MAP,300,300s,7.1089301109313965,6.461576461791992,7.794464111328125,10.793025654143332,9.591638786304122,11.987308148230152,7.216752529144287,7795,57
RSSM,large_decrease,MAP,0,full_5min_trajectory,5.366034030914307,4.889246463775635,5.829977989196777,9.60793227863823,8.595237797348526,10.618657990630108,5.500680923461914,7814,57
RSSM,large_stop,BIS,30,30s,3.5192370414733887,3.011380434036255,4.11472749710083,4.8002154619814,4.017538245730612,5.733158824541832,3.4723596572875977,680,33
RSSM,large_stop,BIS,60,60s,4.2865800857543945,3.4393880367279053,5.2095255851745605,6.110498817672847,4.636884729745634,8.051683370733047,4.074781894683838,680,33
RSSM,large_stop,BIS,180,180s,6.494243621826172,4.812669277191162,8.510736465454102,9.161287243611618,6.552190912169129,11.956776020226002,5.806847095489502,680,33
RSSM,large_stop,BIS,300,300s,6.321232318878174,4.67983865737915,8.440682411193848,9.667894570422492,6.167806709001943,13.259649829412268,6.451262474060059,680,33
RSSM,large_stop,BIS,0,full_5min_trajectory,5.655479431152344,4.374696254730225,7.205491542816162,8.360733406714063,5.968131947099383,10.813636323170163,5.273895740509033,680,33
RSSM,large_stop,MAP,30,30s,4.374985218048096,2.9300334453582764,6.093519687652588,10.003423104913535,4.755533709332287,15.307038746297865,3.8956875801086426,520,24
RSSM,large_stop,MAP,60,60s,5.1386399269104,3.614458084106445,6.906863212585449,9.348659692668058,6.191977374092184,12.232629410312368,4.8491621017456055,520,24
RSSM,large_stop,MAP,180,180s,6.926580905914307,4.856470108032227,9.503717422485352,12.506890800869847,7.000426143208958,17.461169950913582,6.734623908996582,516,24
RSSM,large_stop,MAP,300,300s,7.58545446395874,5.822426795959473,9.94052028656006,11.246351201355855,7.789265009199836,14.771450157181375,7.6546950340271,516,24
RSSM,large_stop,MAP,0,full_5min_trajectory,6.575130462646484,4.900163650512695,8.661413192749023,11.753747220800214,7.882015675705076,15.523210927982923,6.564741134643555,531,24
