subset,horizon_seconds,direct_future_value,ci_low,ci_high,n_windows,n_patients
overall,30,-0.00990073662251234,-0.025670461356639862,0.005631386302411556,83198,74
overall,60,0.01459711603820324,-0.007456519175320864,0.03738583251833916,83198,74
overall,180,0.049474120140075684,0.005177079699933529,0.09292848408222198,83198,74
overall,300,0.07132034748792648,0.006432873196899891,0.12800897657871246,83198,74
overall,0,0.03691693767905235,-0.0006383048021234572,0.07403851300477982,83198,74
large_transition,30,-0.000861132051795721,-0.02826581709086895,0.02771635912358761,18152,74
large_transition,60,0.02814723365008831,-0.012192185036838055,0.07085873186588287,18152,74
large_transition,180,0.08889687806367874,0.021718643605709076,0.1586514562368393,18152,74
large_transition,300,0.18206258118152618,0.08024037629365921,0.28440162539482117,18152,74
large_transition,0,0.08389659970998764,0.027676336467266083,0.14287970960140228,18152,74
high_future_divergence,30,0.003240765305235982,-0.031858064234256744,0.03817080333828926,20995,74
high_future_divergence,60,0.05198477581143379,-0.007621678523719311,0.11583618074655533,20995,74
high_future_divergence,180,0.20076127350330353,0.09260090440511703,0.31849610805511475,20995,74
high_future_divergence,300,0.24043641984462738,0.1211380586028099,0.36613917350769043,20995,74
high_future_divergence,0,0.1553819179534912,0.07072766125202179,0.24676910042762756,20995,74
initiation,30,-0.0293735284358263,-0.08177678287029266,0.013549980707466602,4090,71
initiation,60,-0.01158198807388544,-0.07254671305418015,0.04468803480267525,4090,71
initiation,180,0.02805585414171219,-0.08258762955665588,0.1294417828321457,4090,71
initiation,300,0.08443041145801544,-0.016641810536384583,0.18445588648319244,4090,71
initiation,0,0.03410151228308678,-0.03551904484629631,0.10641466081142426,4090,71
increase,30,0.032504286617040634,-0.03203517571091652,0.09999793767929077,2999,68
increase,60,0.0604960061609745,-0.018482433632016182,0.15289905667304993,2999,68
increase,180,0.19533640146255493,0.003995724953711033,0.4139445424079895,2999,68
increase,300,0.19918057322502136,-0.01961529068648815,0.425099641084671,2999,68
increase,0,0.13401539623737335,0.0028270180337131023,0.2872219681739807,2999,68
decrease,30,-0.005394360516220331,-0.039503827691078186,0.029048779979348183,10396,74
decrease,60,0.03076968342065811,-0.015675080940127373,0.084584541618824,10396,74
decrease,180,0.09209668636322021,0.010597195476293564,0.1815779209136963,10396,74
decrease,300,0.19940178096294403,0.05897868052124977,0.34354349970817566,10396,74
decrease,0,0.0903412252664566,0.024889953434467316,0.16216063499450684,10396,74
stop,30,0.15953809022903442,0.016124246641993523,0.3404384255409241,667,33
stop,60,0.18100516498088837,-0.044029414653778076,0.4503866136074066,667,33
stop,180,0.4507622718811035,-0.003273449372500181,0.9842823147773743,667,33
stop,300,0.36633405089378357,-0.0627419576048851,0.8706721067428589,667,33
stop,0,0.328289657831192,-0.019149381667375565,0.7376435995101929,667,33
