comparison,condition,subset,horizon_seconds,difference_mae,ci_low,ci_high,n_windows,n_patients
FAV,hold,overall,30,0.008075891993939877,0.004630713723599911,0.011944339610636234,83198,74
FAV,hold,overall,60,0.02372170425951481,0.014806922525167465,0.03426564112305641,83198,74
FAV,hold,overall,180,0.06538204103708267,0.04025173559784889,0.09582266211509705,83198,74
FAV,hold,overall,300,0.11945143342018127,0.07775836437940598,0.16807976365089417,83198,74
FAV,hold,overall,0,0.05695241689682007,0.036938201636075974,0.08031032979488373,83198,74
MFAV,wrong,overall,30,0.014484855346381664,0.009386995807290077,0.019792424514889717,81749,74
MFAV,wrong,overall,60,0.03805522993206978,0.027646278962492943,0.049124959856271744,81749,74
MFAV,wrong,overall,180,0.10026530176401138,0.042305633425712585,0.147939071059227,81749,74
MFAV,wrong,overall,300,0.22690381109714508,0.08855926245450974,0.3401302993297577,81749,74
MFAV,wrong,overall,0,0.09812406450510025,0.04734278470277786,0.14005516469478607,81749,74
ZFAD,zero,overall,30,0.0018362938426434994,-0.0043259537778794765,0.008690190501511097,83198,74
ZFAD,zero,overall,60,0.02322077378630638,0.010444148443639278,0.03619344159960747,83198,74
ZFAD,zero,overall,180,0.14934423565864563,0.11162970215082169,0.18557704985141754,83198,74
ZFAD,zero,overall,300,0.7720981240272522,0.6413304805755615,0.90755695104599,83198,74
ZFAD,zero,overall,0,0.19960996508598328,0.16206613183021545,0.23852263391017914,83198,74
FAV,hold,large_transition,30,0.017143942415714264,0.01009873952716589,0.02458360604941845,18152,74
FAV,hold,large_transition,60,0.04828870669007301,0.02936258539557457,0.06775138527154922,18152,74
FAV,hold,large_transition,180,0.1211983859539032,0.07775244116783142,0.1725500077009201,18152,74
FAV,hold,large_transition,300,0.18240319192409515,0.10989394038915634,0.27179229259490967,18152,74
FAV,hold,large_transition,0,0.1032494455575943,0.06804495304822922,0.14542312920093536,18152,74
MFAV,wrong,large_transition,30,0.015399504452943802,0.006897342391312122,0.02391120232641697,17833,74
MFAV,wrong,large_transition,60,0.03439115732908249,0.015507812611758709,0.053272686898708344,17833,74
MFAV,wrong,large_transition,180,0.10065137594938278,0.03780094534158707,0.15938961505889893,17833,74
MFAV,wrong,large_transition,300,0.2748351991176605,0.122815802693367,0.4202019274234772,17833,74
MFAV,wrong,large_transition,0,0.1101519837975502,0.05244477838277817,0.16039453446865082,17833,74
ZFAD,zero,large_transition,30,0.0006506877252832055,-0.009174982085824013,0.010106328874826431,18152,74
ZFAD,zero,large_transition,60,0.03208635747432709,0.007871747016906738,0.055386923253536224,18152,74
ZFAD,zero,large_transition,180,0.16296961903572083,0.10746970027685165,0.22299475967884064,18152,74
ZFAD,zero,large_transition,300,0.649423360824585,0.4654076099395752,0.8570385575294495,18152,74
ZFAD,zero,large_transition,0,0.1858157515525818,0.1341456174850464,0.2439866065979004,18152,74
FAV,hold,initiation,30,0.021507497876882553,0.00877377949655056,0.03569779917597771,4090,71
FAV,hold,initiation,60,0.03614186868071556,0.008466501720249653,0.06441006064414978,4090,71
FAV,hold,initiation,180,0.10061758756637573,0.01722295954823494,0.19148440659046173,4090,71
FAV,hold,initiation,300,0.15938499569892883,0.05861560255289078,0.26092666387557983,4090,71
FAV,hold,initiation,0,0.08604016900062561,0.03262999653816223,0.14559456706047058,4090,71
MFAV,wrong,initiation,30,0.005511034745723009,-0.004647152964025736,0.01586752012372017,3979,71
MFAV,wrong,initiation,60,0.024568328633904457,-0.002143165795132518,0.05162183567881584,3979,71
MFAV,wrong,initiation,180,0.09260524809360504,-0.005998688749969006,0.18343284726142883,3979,71
MFAV,wrong,initiation,300,0.2913401424884796,0.1558232605457306,0.4230302572250366,3979,71
MFAV,wrong,initiation,0,0.10172855108976364,0.04249154031276703,0.15652821958065033,3979,71
ZFAD,zero,initiation,30,0.01700773276388645,0.0012823462020605803,0.033549197018146515,4090,71
ZFAD,zero,initiation,60,0.06801620870828629,0.028511181473731995,0.10447748005390167,4090,71
ZFAD,zero,initiation,180,0.17170944809913635,0.03101658634841442,0.31111419200897217,4090,71
ZFAD,zero,initiation,300,0.8331774473190308,0.47016990184783936,1.209100365638733,4090,71
ZFAD,zero,initiation,0,0.22123169898986816,0.11701786518096924,0.32243072986602783,4090,71
FAV,hold,increase,30,0.029678424820303917,0.006577054504305124,0.056716155260801315,2999,68
FAV,hold,increase,60,0.062121517956256866,-0.02864629030227661,0.14749257266521454,2999,68
FAV,hold,increase,180,0.1471489518880844,0.0034726583398878574,0.32126474380493164,2999,68
FAV,hold,increase,300,0.15261882543563843,-0.05780220404267311,0.372200071811676,2999,68
FAV,hold,increase,0,0.11551608890295029,0.0010164062259718776,0.2422560155391693,2999,68
MFAV,wrong,increase,30,0.039211466908454895,-0.005625825375318527,0.08458229899406433,2960,68
MFAV,wrong,increase,60,0.014466755092144012,-0.04030613601207733,0.06909677386283875,2960,68
MFAV,wrong,increase,180,0.06885077804327011,-0.11653555929660797,0.25545409321784973,2960,68
MFAV,wrong,increase,300,0.056794729083776474,-0.2803162932395935,0.3737381100654602,2960,68
MFAV,wrong,increase,0,0.04907168075442314,-0.08500666171312332,0.17308643460273743,2960,68
ZFAD,zero,increase,30,0.008106784895062447,-0.03735768049955368,0.0518835186958313,2999,68
ZFAD,zero,increase,60,0.03788025304675102,-0.035760778933763504,0.11249629408121109,2999,68
ZFAD,zero,increase,180,0.20012426376342773,0.016748446971178055,0.37958064675331116,2999,68
ZFAD,zero,increase,300,0.5331380367279053,0.05980684235692024,1.0033015012741089,2999,68
ZFAD,zero,increase,0,0.19162841141223907,0.041495852172374725,0.34299442172050476,2999,68
FAV,hold,decrease,30,0.013100942596793175,0.006416665855795145,0.020056286826729774,10396,74
FAV,hold,decrease,60,0.04575681686401367,0.027085652574896812,0.06417721509933472,10396,74
FAV,hold,decrease,180,0.1352405995130539,0.08858554810285568,0.193975567817688,10396,74
FAV,hold,decrease,300,0.18252676725387573,0.09768146276473999,0.2825968563556671,10396,74
FAV,hold,decrease,0,0.10949539393186569,0.07468383014202118,0.1537029892206192,10396,74
MFAV,wrong,decrease,30,0.017177764326334,0.006841817870736122,0.02774875797331333,10240,74
MFAV,wrong,decrease,60,0.03966956585645676,0.014561038464307785,0.06283204257488251,10240,74
MFAV,wrong,decrease,180,0.1371506154537201,0.044642373919487,0.23456571996212006,10240,74
MFAV,wrong,decrease,300,0.34323203563690186,0.10213402658700943,0.5788378119468689,10240,74
MFAV,wrong,decrease,0,0.14249537885189056,0.06319354474544525,0.22129423916339874,10240,74
ZFAD,zero,decrease,30,-0.0045755342580378056,-0.017075572162866592,0.00796927697956562,10396,74
ZFAD,zero,decrease,60,0.019445423036813736,-0.008670352399349213,0.04538986086845398,10396,74
ZFAD,zero,decrease,180,0.15659990906715393,0.08277029544115067,0.23888449370861053,10396,74
ZFAD,zero,decrease,300,0.5449829697608948,0.3567526340484619,0.74074786901474,10396,74
ZFAD,zero,decrease,0,0.15986597537994385,0.10411618649959564,0.2214241325855255,10396,74
FAV,hold,stop,30,0.010949665680527687,-0.020878875628113747,0.04324597120285034,667,33
FAV,hold,stop,60,0.04151948168873787,-0.019858425483107567,0.10833549499511719,667,33
FAV,hold,stop,180,0.11354754120111465,-0.13295865058898926,0.3828551471233368,667,33
FAV,hold,stop,300,0.2425100952386856,-0.16914786398410797,0.6135224103927612,667,33
FAV,hold,stop,0,0.10096511989831924,-0.0876394733786583,0.29814964532852173,667,33
MFAV,wrong,stop,30,-0.015265370719134808,-0.04704199731349945,0.020412208512425423,654,33
MFAV,wrong,stop,60,-0.0009034221875481308,-0.07450255751609802,0.08313583582639694,654,33
MFAV,wrong,stop,180,0.22844623029232025,-0.03981682285666466,0.5749494433403015,654,33
MFAV,wrong,stop,300,0.09707441926002502,-0.4612135589122772,0.8722419738769531,654,33
MFAV,wrong,stop,0,0.16153863072395325,-0.0914645716547966,0.47773483395576477,654,33
ZFAD,zero,stop,30,-0.01776021346449852,-0.05264446511864662,0.014091343618929386,667,33
ZFAD,zero,stop,60,-0.014399059116840363,-0.1096220389008522,0.07555365562438965,667,33
ZFAD,zero,stop,180,0.2506793141365051,-0.03474610298871994,0.5283328294754028,667,33
ZFAD,zero,stop,300,1.0163878202438354,0.13024863600730896,1.8333711624145508,667,33
ZFAD,zero,stop,0,0.31686580181121826,0.08151471614837646,0.5520238280296326,667,33
FAV,hold,upcoming_large_transition,30,0.01349361427128315,0.003776764729991555,0.022920381277799606,26939,74
FAV,hold,upcoming_large_transition,60,0.04744424670934677,0.02680695801973343,0.07102799415588379,26939,74
FAV,hold,upcoming_large_transition,180,0.13603314757347107,0.07661501318216324,0.2076631784439087,26939,74
FAV,hold,upcoming_large_transition,300,0.2461456060409546,0.1453094333410263,0.3725268840789795,26939,74
FAV,hold,upcoming_large_transition,0,0.1209997907280922,0.07355130463838577,0.17898333072662354,26939,74
MFAV,wrong,upcoming_large_transition,30,0.006817593704909086,-0.0016264957375824451,0.015306462533771992,26466,74
MFAV,wrong,upcoming_large_transition,60,0.0246760081499815,0.0082652997225523,0.04205669090151787,26466,74
MFAV,wrong,upcoming_large_transition,180,0.11392612755298615,0.06646833568811417,0.16760766506195068,26466,74
MFAV,wrong,upcoming_large_transition,300,0.2593744099140167,0.16899296641349792,0.35892096161842346,26466,74
MFAV,wrong,upcoming_large_transition,0,0.11179694533348083,0.07394254952669144,0.15559378266334534,26466,74
ZFAD,zero,upcoming_large_transition,30,0.00031068315729498863,-0.011497797444462776,0.014765714295208454,26939,74
ZFAD,zero,upcoming_large_transition,60,0.029025735333561897,0.0057892282493412495,0.054790399968624115,26939,74
ZFAD,zero,upcoming_large_transition,180,0.17868231236934662,0.11801622807979584,0.24218380451202393,26939,74
ZFAD,zero,upcoming_large_transition,300,0.9692563414573669,0.7820088863372803,1.1676805019378662,26939,74
ZFAD,zero,upcoming_large_transition,0,0.24823987483978271,0.19047749042510986,0.3106304705142975,26939,74
FAV,hold,upcoming_initiation,30,0.0492556132376194,0.018494922667741776,0.08481259644031525,4390,71
FAV,hold,upcoming_initiation,60,0.109400175511837,0.055855222046375275,0.1644766628742218,4390,71
FAV,hold,upcoming_initiation,180,0.2278393805027008,0.08464954793453217,0.37263238430023193,4390,71
FAV,hold,upcoming_initiation,300,0.5323125720024109,0.273926705121994,0.7844337224960327,4390,71
FAV,hold,upcoming_initiation,0,0.23473742604255676,0.13343261182308197,0.33469513058662415,4390,71
MFAV,wrong,upcoming_initiation,30,0.012575225904583931,-0.011755269020795822,0.03867516666650772,4276,71
MFAV,wrong,upcoming_initiation,60,0.006895485799759626,-0.02731546387076378,0.0395711213350296,4276,71
MFAV,wrong,upcoming_initiation,180,0.07547833025455475,-0.04120605066418648,0.18577106297016144,4276,71
MFAV,wrong,upcoming_initiation,300,0.3602779805660248,0.16785845160484314,0.5695005655288696,4276,71
MFAV,wrong,upcoming_initiation,0,0.11242165416479111,0.0362263023853302,0.18763084709644318,4276,71
ZFAD,zero,upcoming_initiation,30,0.004599663428962231,-0.018705634400248528,0.027374008670449257,4390,71
ZFAD,zero,upcoming_initiation,60,0.024186862632632256,-0.03752817586064339,0.08279874920845032,4390,71
ZFAD,zero,upcoming_initiation,180,0.22139814496040344,0.04260272905230522,0.40032029151916504,4390,71
ZFAD,zero,upcoming_initiation,300,0.9337072372436523,0.5646207332611084,1.3199477195739746,4390,71
ZFAD,zero,upcoming_initiation,0,0.2585541307926178,0.12907108664512634,0.38753971457481384,4390,71
FAV,hold,upcoming_increase,30,0.01745331846177578,-0.006168385036289692,0.04483194649219513,3785,67
FAV,hold,upcoming_increase,60,0.07147236913442612,0.005770354066044092,0.13429534435272217,3785,67
FAV,hold,upcoming_increase,180,0.3443930745124817,0.1854935586452484,0.5154879093170166,3785,67
FAV,hold,upcoming_increase,300,0.44707196950912476,0.1702542006969452,0.7972455024719238,3785,67
FAV,hold,upcoming_increase,0,0.2590233087539673,0.14056867361068726,0.3980852961540222,3785,67
MFAV,wrong,upcoming_increase,30,0.010464479215443134,-0.00935292523354292,0.03191879019141197,3695,67
MFAV,wrong,upcoming_increase,60,0.05235925316810608,-0.0004254394443705678,0.1085783839225769,3695,67
MFAV,wrong,upcoming_increase,180,0.19530226290225983,0.05343258008360863,0.3504812717437744,3695,67
MFAV,wrong,upcoming_increase,300,0.28281354904174805,-0.011127346195280552,0.6271796822547913,3695,67
MFAV,wrong,upcoming_increase,0,0.17715826630592346,0.07012414932250977,0.3109796941280365,3695,67
ZFAD,zero,upcoming_increase,30,0.008139020763337612,-0.01759341172873974,0.032662201672792435,3785,67
ZFAD,zero,upcoming_increase,60,0.0851803719997406,0.0292083490639925,0.146382138133049,3785,67
ZFAD,zero,upcoming_increase,180,0.34214097261428833,0.16459228098392487,0.5231965184211731,3785,67
ZFAD,zero,upcoming_increase,300,0.84592205286026,0.3559362292289734,1.3274747133255005,3785,67
ZFAD,zero,upcoming_increase,0,0.3228164613246918,0.17706629633903503,0.47766607999801636,3785,67
FAV,hold,upcoming_decrease,30,0.0003388830809853971,-0.009676618501543999,0.010574142448604107,18081,74
FAV,hold,upcoming_decrease,60,0.015524925664067268,-0.004218047950416803,0.035903383046388626,18081,74
FAV,hold,upcoming_decrease,180,0.05893859267234802,-0.007120119873434305,0.13063134253025055,18081,74
FAV,hold,upcoming_decrease,300,0.1305951029062271,0.040183741599321365,0.23303721845149994,18081,74
FAV,hold,upcoming_decrease,0,0.05203133821487427,0.004484493751078844,0.10598397254943848,18081,74
MFAV,wrong,upcoming_decrease,30,0.005985128693282604,-0.004167736042290926,0.017379477620124817,17830,74
MFAV,wrong,upcoming_decrease,60,0.02263016067445278,0.0031882640905678272,0.04247615486383438,17830,74
MFAV,wrong,upcoming_decrease,180,0.09534788131713867,0.03346593305468559,0.1643858551979065,17830,74
MFAV,wrong,upcoming_decrease,300,0.21753667294979095,0.12460867315530777,0.32168206572532654,17830,74
MFAV,wrong,upcoming_decrease,0,0.09457466751337051,0.050835683941841125,0.14657294750213623,17830,74
ZFAD,zero,upcoming_decrease,30,-0.00222523114643991,-0.017706982791423798,0.015798600390553474,18081,74
ZFAD,zero,upcoming_decrease,60,0.01659749075770378,-0.012317448854446411,0.05058712512254715,18081,74
ZFAD,zero,upcoming_decrease,180,0.1445571780204773,0.07670432329177856,0.21070054173469543,18081,74
ZFAD,zero,upcoming_decrease,300,1.0328267812728882,0.8305328488349915,1.2531534433364868,18081,74
ZFAD,zero,upcoming_decrease,0,0.23580120503902435,0.17474666237831116,0.30245187878608704,18081,74
FAV,hold,upcoming_stop,30,0.12085245549678802,-0.004552389029413462,0.28534600138664246,683,35
FAV,hold,upcoming_stop,60,0.29811426997184753,0.038946811109781265,0.5803978443145752,683,35
FAV,hold,upcoming_stop,180,1.3126393556594849,0.4226156175136566,2.643352746963501,683,35
FAV,hold,upcoming_stop,300,1.1048392057418823,-0.12714335322380066,2.698575258255005,683,35
FAV,hold,upcoming_stop,0,0.7549261450767517,0.1524076610803604,1.6265312433242798,683,35
MFAV,wrong,upcoming_stop,30,0.019338950514793396,-0.041541315615177155,0.08858902007341385,665,34
MFAV,wrong,upcoming_stop,60,0.1341121643781662,-0.011320280842483044,0.2887977659702301,665,34
MFAV,wrong,upcoming_stop,180,0.776930570602417,0.1605507731437683,1.7360451221466064,665,34
MFAV,wrong,upcoming_stop,300,0.8935474753379822,0.026240365579724312,2.092519760131836,665,34
MFAV,wrong,upcoming_stop,0,0.4610782563686371,0.076068215072155,1.0344072580337524,665,34
ZFAD,zero,upcoming_stop,30,0.029355600476264954,-0.04062003642320633,0.109917052090168,683,35
ZFAD,zero,upcoming_stop,60,0.06162768229842186,-0.060212329030036926,0.2017795592546463,683,35
ZFAD,zero,upcoming_stop,180,0.9009444117546082,0.20763397216796875,1.9026340246200562,683,35
ZFAD,zero,upcoming_stop,300,1.1169657707214355,0.023022761568427086,2.486793041229248,683,35
ZFAD,zero,upcoming_stop,0,0.5678580403327942,0.11725039780139923,1.2076250314712524,683,35
FAV,hold,Q1,30,4.384472504170844e-06,-4.9316407967126e-05,5.372604573494755e-05,21772,74
FAV,hold,Q1,60,6.730116729158908e-05,-3.076193024753593e-05,0.00016497283650096506,21772,74
FAV,hold,Q1,180,9.32346229092218e-05,-0.00023635380784980953,0.00044539093505591154,21772,74
FAV,hold,Q1,300,-2.27067394007463e-05,-0.0005736181046813726,0.000567551061976701,21772,74
FAV,hold,Q1,0,5.52210294699762e-05,-0.00011362963414285332,0.00023376046738121659,21772,74
MFAV,wrong,Q1,30,0.022357208654284477,0.006892658304423094,0.03984159231185913,21455,74
MFAV,wrong,Q1,60,0.04290328174829483,0.01227235421538353,0.07154174149036407,21455,74
MFAV,wrong,Q1,180,0.13253191113471985,-0.033812474459409714,0.29954057931900024,21455,74
MFAV,wrong,Q1,300,0.36855655908584595,-0.0701524019241333,0.7939318418502808,21455,74
MFAV,wrong,Q1,0,0.14893707633018494,-0.001731265103444457,0.2886790633201599,21455,74
ZFAD,zero,Q1,30,0.001976169878616929,-0.00404036371037364,0.007820085622370243,21772,74
ZFAD,zero,Q1,60,0.02342708222568035,0.006356621161103249,0.040751948952674866,21772,74
ZFAD,zero,Q1,180,0.11482755839824677,0.07539492100477219,0.15587621927261353,21772,74
ZFAD,zero,Q1,300,0.5379803776741028,0.3634963929653168,0.7342092394828796,21772,74
ZFAD,zero,Q1,0,0.14555597305297852,0.1007460504770279,0.19626076519489288,21772,74
FAV,hold,Q2,30,-1.9403089481784264e-06,-9.41885300562717e-05,0.00010107871639775112,20468,74
FAV,hold,Q2,60,-5.557961412705481e-05,-0.00022595780319534242,0.0001219278565258719,20468,74
FAV,hold,Q2,180,0.0001978838408831507,-0.00042898545507341623,0.0008504268480464816,20468,74
FAV,hold,Q2,300,0.0003259592631366104,-0.0009750439785420895,0.0016408642986789346,20468,74
FAV,hold,Q2,0,0.00013085451791994274,-0.0003332268388476223,0.0006214880850166082,20468,74
MFAV,wrong,Q2,30,0.010169066488742828,0.0037282768171280622,0.016399607062339783,20052,74
MFAV,wrong,Q2,60,0.04438059777021408,0.03335263207554817,0.05513656511902809,20052,74
MFAV,wrong,Q2,180,0.13845409452915192,0.10493437945842743,0.1748955398797989,20052,74
MFAV,wrong,Q2,300,0.2146265059709549,0.16905541718006134,0.25773701071739197,20052,74
MFAV,wrong,Q2,0,0.11315783858299255,0.09354518353939056,0.13287658989429474,20052,74
ZFAD,zero,Q2,30,0.003986327908933163,-0.0028091436251997948,0.010475706309080124,20468,74
ZFAD,zero,Q2,60,0.02318631112575531,0.009767457842826843,0.035752542316913605,20468,74
ZFAD,zero,Q2,180,0.15644925832748413,0.1047145426273346,0.2117188423871994,20468,74
ZFAD,zero,Q2,300,0.78281170129776,0.6186982989311218,0.9490200281143188,20468,74
ZFAD,zero,Q2,0,0.20698848366737366,0.1603097766637802,0.25749313831329346,20468,74
FAV,hold,Q3,30,0.0005929534672759473,-0.0004832161939702928,0.0016554015455767512,19963,74
FAV,hold,Q3,60,0.0018111658282577991,-0.0019077350152656436,0.005672994069755077,19963,74
FAV,hold,Q3,180,0.012247348204255104,-0.0024264047387987375,0.027724813669919968,19963,74
FAV,hold,Q3,300,0.03022203966975212,-0.005111349280923605,0.0634339451789856,19963,74
FAV,hold,Q3,0,0.0109307412058115,-0.0016109159914776683,0.023162996396422386,19963,74
MFAV,wrong,Q3,30,0.01116951648145914,0.004662174731492996,0.01851675659418106,19600,74
MFAV,wrong,Q3,60,0.03107384778559208,0.018506404012441635,0.04320664703845978,19600,74
MFAV,wrong,Q3,180,0.06551871448755264,-0.001775417709723115,0.11615443974733353,19600,74
MFAV,wrong,Q3,300,0.11793611198663712,-0.025340387597680092,0.22784452140331268,19600,74
MFAV,wrong,Q3,0,0.0636184960603714,0.003024995792657137,0.10132254660129547,19600,74
ZFAD,zero,Q3,30,0.0032919563818722963,-0.004531925544142723,0.010698648169636726,19963,74
ZFAD,zero,Q3,60,0.02335534244775772,0.005490461364388466,0.04477149620652199,19963,74
ZFAD,zero,Q3,180,0.14344322681427002,0.09047996252775192,0.19547036290168762,19963,74
ZFAD,zero,Q3,300,0.6544309854507446,0.5032715797424316,0.8089020252227783,19963,74
ZFAD,zero,Q3,0,0.18270698189735413,0.1367960423231125,0.22673353552818298,19963,74
FAV,hold,Q4,30,0.02793497033417225,0.013288937509059906,0.04386172443628311,20995,74
FAV,hold,Q4,60,0.08334752917289734,0.0545198880136013,0.11639789491891861,20995,74
FAV,hold,Q4,180,0.202543705701828,0.1169622540473938,0.3021978735923767,20995,74
FAV,hold,Q4,300,0.3825993537902832,0.24234959483146667,0.5613023042678833,20995,74
FAV,hold,Q4,0,0.18534378707408905,0.11987420171499252,0.26279327273368835,20995,74
MFAV,wrong,Q4,30,0.007167361676692963,-0.004574350081384182,0.019606389105319977,20642,74
MFAV,wrong,Q4,60,0.016164224594831467,-0.006109428592026234,0.03897065296769142,20642,74
MFAV,wrong,Q4,180,0.13552133738994598,0.06659752875566483,0.2070261538028717,20642,74
MFAV,wrong,Q4,300,0.3507305681705475,0.2110019326210022,0.5073754787445068,20642,74
MFAV,wrong,Q4,0,0.12736375629901886,0.07291886955499649,0.18595363199710846,20642,74
ZFAD,zero,Q4,30,-0.0025299794506281614,-0.017561957240104675,0.016024498268961906,20995,74
ZFAD,zero,Q4,60,0.024479493498802185,-0.0092298723757267,0.0580899640917778,20995,74
ZFAD,zero,Q4,180,0.17955274879932404,0.09773322194814682,0.2615582048892975,20995,74
ZFAD,zero,Q4,300,0.9985982775688171,0.7752673625946045,1.2292532920837402,20995,74
ZFAD,zero,Q4,0,0.249149352312088,0.18243353068828583,0.3168611526489258,20995,74
FAV,hold,high_future_divergence,30,0.02793497033417225,0.013288937509059906,0.04386172443628311,20995,74
FAV,hold,high_future_divergence,60,0.08334752917289734,0.0545198880136013,0.11639789491891861,20995,74
FAV,hold,high_future_divergence,180,0.202543705701828,0.1169622540473938,0.3021978735923767,20995,74
FAV,hold,high_future_divergence,300,0.3825993537902832,0.24234959483146667,0.5613023042678833,20995,74
FAV,hold,high_future_divergence,0,0.18534378707408905,0.11987420171499252,0.26279327273368835,20995,74
MFAV,wrong,high_future_divergence,30,0.007167361676692963,-0.004574350081384182,0.019606389105319977,20642,74
MFAV,wrong,high_future_divergence,60,0.016164224594831467,-0.006109428592026234,0.03897065296769142,20642,74
MFAV,wrong,high_future_divergence,180,0.13552133738994598,0.06659752875566483,0.2070261538028717,20642,74
MFAV,wrong,high_future_divergence,300,0.3507305681705475,0.2110019326210022,0.5073754787445068,20642,74
MFAV,wrong,high_future_divergence,0,0.12736375629901886,0.07291886955499649,0.18595363199710846,20642,74
ZFAD,zero,high_future_divergence,30,-0.0025299794506281614,-0.017561957240104675,0.016024498268961906,20995,74
ZFAD,zero,high_future_divergence,60,0.024479493498802185,-0.0092298723757267,0.0580899640917778,20995,74
ZFAD,zero,high_future_divergence,180,0.17955274879932404,0.09773322194814682,0.2615582048892975,20995,74
ZFAD,zero,high_future_divergence,300,0.9985982775688171,0.7752673625946045,1.2292532920837402,20995,74
ZFAD,zero,high_future_divergence,0,0.249149352312088,0.18243353068828583,0.3168611526489258,20995,74
