model,subset,target,condition,horizon_seconds,degradation_mae,ci_low,ci_high,patients,windows
Direct-MH,overall,BIS,hold,30,0.0019777712877839804,-3.403925074962899e-05,0.004205487668514252,74,83198
Direct-MH,overall,MAP,hold,30,2.730424967012368e-05,-0.002804175252094865,0.003089461475610733,56,67597
Direct-MH,overall,BIS,hold,60,0.009255640208721161,0.003540108446031809,0.015390084125101566,74,83198
Direct-MH,overall,MAP,hold,60,0.013343259692192078,0.0038059644866734743,0.024841798469424248,56,67598
Direct-MH,overall,BIS,hold,180,0.04210702329874039,0.01997825875878334,0.06704850494861603,74,83198
Direct-MH,overall,MAP,hold,180,0.13662810623645782,0.0957457423210144,0.17710788547992706,56,67600
Direct-MH,overall,BIS,hold,300,0.08018064498901367,0.04548386111855507,0.11824759840965271,74,83198
Direct-MH,overall,MAP,hold,300,0.23088213801383972,0.15876628458499908,0.2972092926502228,56,67572
Direct-MH,overall,BIS,wrong,30,0.014608222059905529,0.009425421245396137,0.020173724740743637,74,81749
Direct-MH,overall,MAP,wrong,30,0.0405709445476532,0.02858078107237816,0.05430188030004501,56,66624
Direct-MH,overall,BIS,wrong,60,0.04199296608567238,0.030544990673661232,0.05341232940554619,74,81749
Direct-MH,overall,MAP,wrong,60,0.12267153710126877,0.09134607017040253,0.15388880670070648,56,66613
Direct-MH,overall,BIS,wrong,180,0.15744943916797638,0.1153906062245369,0.206561878323555,74,81749
Direct-MH,overall,MAP,wrong,180,0.4768412709236145,0.4013597071170807,0.5563052296638489,56,66607
Direct-MH,overall,BIS,wrong,300,0.2830277681350708,0.20397834479808807,0.36278897523880005,74,81749
Direct-MH,overall,MAP,wrong,300,0.639489471912384,0.5308790802955627,0.7396928071975708,56,66571
Direct-Traj,overall,BIS,hold,30,0.0012685625115409493,-0.0018848298350349069,0.004568935371935368,74,83198
Direct-Traj,overall,MAP,hold,30,-0.0008540419512428343,-0.0048899841494858265,0.0032064353581517935,56,67597
Direct-Traj,overall,BIS,hold,60,0.008839561603963375,0.001415821141563356,0.01654636487364769,74,83198
Direct-Traj,overall,MAP,hold,60,0.016750257462263107,0.005336843430995941,0.029845766723155975,56,67598
Direct-Traj,overall,BIS,hold,180,0.045855745673179626,0.02797216922044754,0.06545596569776535,74,83198
Direct-Traj,overall,MAP,hold,180,0.12926293909549713,0.09307558834552765,0.16502507030963898,56,67600
Direct-Traj,overall,BIS,hold,300,0.07598881423473358,0.04982621595263481,0.10250207781791687,74,83198
Direct-Traj,overall,MAP,hold,300,0.18757526576519012,0.1340862363576889,0.24391834437847137,56,67572
Direct-Traj,overall,BIS,wrong,30,0.03307447209954262,0.02388935163617134,0.04200972989201546,74,81749
Direct-Traj,overall,MAP,wrong,30,0.09999871253967285,0.08153127878904343,0.11830680817365646,56,66624
Direct-Traj,overall,BIS,wrong,60,0.06338279694318771,0.04792036861181259,0.07903896272182465,74,81749
Direct-Traj,overall,MAP,wrong,60,0.21075637638568878,0.170575812458992,0.24984624981880188,56,66613
Direct-Traj,overall,BIS,wrong,180,0.10919639468193054,0.0743783712387085,0.14192882180213928,74,81749
Direct-Traj,overall,MAP,wrong,180,0.3911912739276886,0.3257127106189728,0.45126768946647644,56,66607
Direct-Traj,overall,BIS,wrong,300,0.17516586184501648,0.12290231138467789,0.22032789885997772,74,81749
Direct-Traj,overall,MAP,wrong,300,0.47514525055885315,0.38607582449913025,0.5547145009040833,56,66571
Direct-MH,Q4,BIS,hold,30,0.0016653896309435368,-0.007635089568793774,0.010231079533696175,74,20995
Direct-MH,Q4,MAP,hold,30,0.014034675434231758,-0.004639233462512493,0.03498934954404831,56,15386
Direct-MH,Q4,BIS,hold,60,0.02675699256360531,0.006981576792895794,0.04867788404226303,74,20995
Direct-MH,Q4,MAP,hold,60,0.07541631162166595,0.024671074002981186,0.12785618007183075,56,15382
Direct-MH,Q4,BIS,hold,180,0.12389091402292252,0.04589623212814331,0.2140832543373108,74,20995
Direct-MH,Q4,MAP,hold,180,0.5977367162704468,0.3976243734359741,0.781844437122345,56,15372
Direct-MH,Q4,BIS,hold,300,0.23450787365436554,0.10347941517829895,0.3947617709636688,74,20995
Direct-MH,Q4,MAP,hold,300,0.9190548658370972,0.6042668223381042,1.2227845191955566,56,15381
Direct-MH,Q4,BIS,wrong,30,0.015062235295772552,0.004780410788953304,0.02641337923705578,74,20642
Direct-MH,Q4,MAP,wrong,30,0.007098986767232418,-0.012714283540844917,0.02829657681286335,56,15228
Direct-MH,Q4,BIS,wrong,60,0.024145402014255524,0.005684982985258102,0.04297281801700592,74,20642
Direct-MH,Q4,MAP,wrong,60,0.04461900517344475,-0.0014327885583043098,0.09779622405767441,56,15220
Direct-MH,Q4,BIS,wrong,180,0.16089938580989838,0.09200309216976166,0.23573140799999237,74,20642
Direct-MH,Q4,MAP,wrong,180,0.4378306567668915,0.28786927461624146,0.5708913207054138,56,15204
Direct-MH,Q4,BIS,wrong,300,0.3461020886898041,0.19562239944934845,0.5023932456970215,74,20642
Direct-MH,Q4,MAP,wrong,300,0.7215771079063416,0.5081111192703247,0.9147082567214966,56,15212
Direct-Traj,Q4,BIS,hold,30,-0.005839063785970211,-0.021085567772388458,0.007724537048488855,74,20995
Direct-Traj,Q4,MAP,hold,30,0.019366128370165825,-0.00705229165032506,0.049846772104501724,56,15386
Direct-Traj,Q4,BIS,hold,60,0.02476004883646965,0.0010687840403988957,0.0500354990363121,74,20995
Direct-Traj,Q4,MAP,hold,60,0.07866973429918289,0.02083846554160118,0.1422068029642105,56,15382
Direct-Traj,Q4,BIS,hold,180,0.13719935715198517,0.07483315467834473,0.20475204288959503,74,20995
Direct-Traj,Q4,MAP,hold,180,0.5582082867622375,0.4034384787082672,0.708465039730072,56,15372
Direct-Traj,Q4,BIS,hold,300,0.22921837866306305,0.13915114104747772,0.3338894546031952,74,20995
Direct-Traj,Q4,MAP,hold,300,0.7605929970741272,0.5338640213012695,0.9739160537719727,56,15381
Direct-Traj,Q4,BIS,wrong,30,0.015909016132354736,0.0004811885592062026,0.030476050451397896,74,20642
Direct-Traj,Q4,MAP,wrong,30,0.034246645867824554,0.005902450066059828,0.0635031908750534,56,15228
Direct-Traj,Q4,BIS,wrong,60,0.02311529591679573,-8.106863970169798e-05,0.046405281871557236,74,20642
Direct-Traj,Q4,MAP,wrong,60,0.0756760835647583,0.018092770129442215,0.1415276825428009,56,15220
Direct-Traj,Q4,BIS,wrong,180,0.13697358965873718,0.08362141996622086,0.19219814240932465,74,20642
Direct-Traj,Q4,MAP,wrong,180,0.4411922097206116,0.30851733684539795,0.5651883482933044,56,15204
Direct-Traj,Q4,BIS,wrong,300,0.27229252457618713,0.18600532412528992,0.35954344272613525,74,20642
Direct-Traj,Q4,MAP,wrong,300,0.6426464915275574,0.4611693024635315,0.8103306293487549,56,15212
Direct-MH,stable_action_Q1,BIS,hold,30,1.2813148941859254e-06,-0.00011924478167202324,0.000146118676639162,74,21772
Direct-MH,stable_action_Q1,MAP,hold,30,-2.3610287826159038e-05,-0.00013328036584425718,8.89523871592246e-05,56,19131
Direct-MH,stable_action_Q1,BIS,hold,60,1.5257154700520914e-05,-0.0001734015968395397,0.0002006395225180313,74,21772
Direct-MH,stable_action_Q1,MAP,hold,60,-0.0002589031937532127,-0.00046349159674718976,-4.283380985725671e-05,56,19132
Direct-MH,stable_action_Q1,BIS,hold,180,0.0002584033936727792,-0.00014551181811839342,0.0007153282640501857,74,21772
Direct-MH,stable_action_Q1,MAP,hold,180,0.0001800531317712739,-0.0004266311298124492,0.0007165229762904346,56,19131
Direct-MH,stable_action_Q1,BIS,hold,300,0.00042960242717526853,-0.0003179254417773336,0.0012385749723762274,74,21772
Direct-MH,stable_action_Q1,MAP,hold,300,-1.4865670891595073e-05,-0.0016937979962676764,0.00134941132273525,56,19094
Direct-MH,stable_action_Q1,BIS,wrong,30,0.022409623488783836,0.00813767034560442,0.03706806153059006,74,21455
Direct-MH,stable_action_Q1,MAP,wrong,30,0.060843706130981445,0.0366252064704895,0.08877962827682495,56,18850
Direct-MH,stable_action_Q1,BIS,wrong,60,0.0437680147588253,0.007079480215907097,0.07678503543138504,74,21455
Direct-MH,stable_action_Q1,MAP,wrong,60,0.16167791187763214,0.09014071524143219,0.22128058969974518,56,18847
Direct-MH,stable_action_Q1,BIS,wrong,180,0.2538789212703705,0.07107869535684586,0.4685162603855133,74,21455
Direct-MH,stable_action_Q1,MAP,wrong,180,0.5021986365318298,0.30342137813568115,0.6565594673156738,56,18845
Direct-MH,stable_action_Q1,BIS,wrong,300,0.5321899056434631,0.278950035572052,0.7967195510864258,74,21455
Direct-MH,stable_action_Q1,MAP,wrong,300,0.5876031517982483,0.30827465653419495,0.8153082132339478,56,18809
Direct-Traj,stable_action_Q1,BIS,hold,30,-4.7308214561780915e-05,-0.00033376074861735106,0.0003313878842163831,74,21772
Direct-Traj,stable_action_Q1,MAP,hold,30,1.25795440908405e-05,-0.0002221379108959809,0.00025177988572977483,56,19131
Direct-Traj,stable_action_Q1,BIS,hold,60,-0.00013596081407740712,-0.0005055487854406238,0.0001986645074794069,74,21772
Direct-Traj,stable_action_Q1,MAP,hold,60,-0.00024795797071419656,-0.0005233683623373508,5.313900692272e-05,56,19132
Direct-Traj,stable_action_Q1,BIS,hold,180,0.000325436849379912,-5.1167517085559666e-05,0.0007421514019370079,74,21772
Direct-Traj,stable_action_Q1,MAP,hold,180,-0.0001859795447671786,-0.0006681908271275461,0.00029347362578846514,56,19131
Direct-Traj,stable_action_Q1,BIS,hold,300,6.854183448012918e-05,-0.0005323181394487619,0.0006561899208463728,74,21772
Direct-Traj,stable_action_Q1,MAP,hold,300,-0.000585449393838644,-0.0016075760358944535,0.00031247251899912953,56,19094
Direct-Traj,stable_action_Q1,BIS,wrong,30,0.05005145072937012,0.026540780439972878,0.07519073784351349,74,21455
Direct-Traj,stable_action_Q1,MAP,wrong,30,0.1455535590648651,0.1150040403008461,0.17735660076141357,56,18850
Direct-Traj,stable_action_Q1,BIS,wrong,60,0.07155787944793701,0.025494428351521492,0.12130420655012131,74,21455
Direct-Traj,stable_action_Q1,MAP,wrong,60,0.2839429974555969,0.21497447788715363,0.3540937900543213,56,18847
Direct-Traj,stable_action_Q1,BIS,wrong,180,0.12249690294265747,-0.015920452773571014,0.27125152945518494,74,21455
Direct-Traj,stable_action_Q1,MAP,wrong,180,0.3638923466205597,0.24508003890514374,0.4635355770587921,56,18845
Direct-Traj,stable_action_Q1,BIS,wrong,300,0.2066115438938141,0.01470580417662859,0.39049237966537476,74,21455
Direct-Traj,stable_action_Q1,MAP,wrong,300,0.33764296770095825,0.19408902525901794,0.46259546279907227,56,18809
Direct-MH,upcoming_large_intervention,BIS,hold,30,0.0036485912278294563,-0.0018452820368111134,0.009259624406695366,74,26939
Direct-MH,upcoming_large_intervention,MAP,hold,30,-0.0015379879623651505,-0.010145643725991249,0.007501529064029455,56,19869
Direct-MH,upcoming_large_intervention,BIS,hold,60,0.02142997272312641,0.006600276567041874,0.03704478219151497,74,26939
Direct-MH,upcoming_large_intervention,MAP,hold,60,0.0235243309289217,-0.0067762634716928005,0.05588723346590996,56,19867
Direct-MH,upcoming_large_intervention,BIS,hold,180,0.09829452633857727,0.0424376055598259,0.1620658040046692,74,26939
Direct-MH,upcoming_large_intervention,MAP,hold,180,0.37202638387680054,0.25355470180511475,0.4950277507305145,56,19870
Direct-MH,upcoming_large_intervention,BIS,hold,300,0.1586306095123291,0.07092245668172836,0.2603001892566681,74,26939
Direct-MH,upcoming_large_intervention,MAP,hold,300,0.5745554566383362,0.41380035877227783,0.7298986315727234,56,19870
Direct-MH,upcoming_large_intervention,BIS,wrong,30,0.01266793254762888,0.0044433302246034145,0.02083303965628147,74,26466
Direct-MH,upcoming_large_intervention,MAP,wrong,30,0.024874644353985786,0.01079146470874548,0.04053417593240738,56,19618
Direct-MH,upcoming_large_intervention,BIS,wrong,60,0.03212541341781616,0.017903795465826988,0.047945547848939896,74,26466
Direct-MH,upcoming_large_intervention,MAP,wrong,60,0.08608988672494888,0.05400092899799347,0.11942494660615921,56,19611
Direct-MH,upcoming_large_intervention,BIS,wrong,180,0.15092524886131287,0.09749651700258255,0.20700761675834656,74,26466
Direct-MH,upcoming_large_intervention,MAP,wrong,180,0.5218394994735718,0.41114264726638794,0.6338566541671753,56,19608
Direct-MH,upcoming_large_intervention,BIS,wrong,300,0.2633677124977112,0.17512868344783783,0.37163442373275757,74,26466
Direct-MH,upcoming_large_intervention,MAP,wrong,300,0.7163037657737732,0.5848007202148438,0.8404236435890198,56,19603
Direct-Traj,upcoming_large_intervention,BIS,hold,30,0.00021889727213419974,-0.008181247860193253,0.009084696881473064,74,26939
Direct-Traj,upcoming_large_intervention,MAP,hold,30,-0.007410802878439426,-0.0208665169775486,0.00548010878264904,56,19869
Direct-Traj,upcoming_large_intervention,BIS,hold,60,0.02073698677122593,0.002104389015585184,0.04094518721103668,74,26939
Direct-Traj,upcoming_large_intervention,MAP,hold,60,0.025256719440221786,-0.014635203406214714,0.06797724217176437,56,19867
Direct-Traj,upcoming_large_intervention,BIS,hold,180,0.10303597897291183,0.056547753512859344,0.15501593053340912,74,26939
Direct-Traj,upcoming_large_intervention,MAP,hold,180,0.3510347008705139,0.25178414583206177,0.4492165744304657,56,19870
Direct-Traj,upcoming_large_intervention,BIS,hold,300,0.14987479150295258,0.08941280096769333,0.22170288860797882,74,26939
Direct-Traj,upcoming_large_intervention,MAP,hold,300,0.44158288836479187,0.32499122619628906,0.5579819679260254,56,19870
Direct-Traj,upcoming_large_intervention,BIS,wrong,30,0.023453831672668457,0.00990237295627594,0.03672366961836815,74,26466
Direct-Traj,upcoming_large_intervention,MAP,wrong,30,0.05739935114979744,0.033510759472846985,0.08055371791124344,56,19618
Direct-Traj,upcoming_large_intervention,BIS,wrong,60,0.04044598713517189,0.020436082035303116,0.06037227064371109,74,26466
Direct-Traj,upcoming_large_intervention,MAP,wrong,60,0.13060587644577026,0.07728833705186844,0.18500271439552307,56,19611
Direct-Traj,upcoming_large_intervention,BIS,wrong,180,0.12260062247514725,0.08111172914505005,0.1649794727563858,74,26466
Direct-Traj,upcoming_large_intervention,MAP,wrong,180,0.47507768869400024,0.385482519865036,0.5723047256469727,56,19608
Direct-Traj,upcoming_large_intervention,BIS,wrong,300,0.19209866225719452,0.13348017632961273,0.25786542892456055,74,26466
Direct-Traj,upcoming_large_intervention,MAP,wrong,300,0.5625544190406799,0.439775288105011,0.6755977272987366,56,19603
Direct-MH,historical_large_transition,BIS,hold,30,0.005409461446106434,0.0005612528184428811,0.010800533927977085,74,18152
Direct-MH,historical_large_transition,MAP,hold,30,-0.005660522263497114,-0.01601947844028473,0.005313539411872625,56,13145
Direct-MH,historical_large_transition,BIS,hold,60,0.016117742285132408,0.0005874326452612877,0.03177623078227043,74,18152
Direct-MH,historical_large_transition,MAP,hold,60,0.018989669159054756,-0.00718088960275054,0.046725183725357056,56,13146
Direct-MH,historical_large_transition,BIS,hold,180,0.08840427547693253,0.04717592895030975,0.13932712376117706,74,18152
Direct-MH,historical_large_transition,MAP,hold,180,0.19702912867069244,0.12053506076335907,0.27378934621810913,56,13166
Direct-MH,historical_large_transition,BIS,hold,300,0.14453977346420288,0.07673072814941406,0.22293560206890106,74,18152
Direct-MH,historical_large_transition,MAP,hold,300,0.37872859835624695,0.2516935169696808,0.5010859370231628,56,13180
Direct-MH,historical_large_transition,BIS,wrong,30,0.021447883918881416,0.012116446159780025,0.03144798055291176,74,17833
Direct-MH,historical_large_transition,MAP,wrong,30,0.038614459335803986,0.020711885765194893,0.05857331305742264,56,13002
Direct-MH,historical_large_transition,BIS,wrong,60,0.04743541404604912,0.027830101549625397,0.06812866777181625,74,17833
Direct-MH,historical_large_transition,MAP,wrong,60,0.1182791143655777,0.07140146195888519,0.1728043258190155,56,12997
Direct-MH,historical_large_transition,BIS,wrong,180,0.16292473673820496,0.08984267711639404,0.22797508537769318,74,17833
Direct-MH,historical_large_transition,MAP,wrong,180,0.4493555426597595,0.32344943284988403,0.5776471495628357,56,13018
Direct-MH,historical_large_transition,BIS,wrong,300,0.33501529693603516,0.2045077234506607,0.4636704623699188,74,17833
Direct-MH,historical_large_transition,MAP,wrong,300,0.581606924533844,0.40816113352775574,0.7528359889984131,56,13029
Direct-Traj,historical_large_transition,BIS,hold,30,0.006818622350692749,-0.0017213200917467475,0.015554293990135193,74,18152
Direct-Traj,historical_large_transition,MAP,hold,30,-0.008069213479757309,-0.02403951995074749,0.009289609268307686,56,13145
Direct-Traj,historical_large_transition,BIS,hold,60,0.01727156713604927,-0.0008032464538700879,0.03452729806303978,74,18152
Direct-Traj,historical_large_transition,MAP,hold,60,0.0032432249281555414,-0.029993457719683647,0.040594927966594696,56,13146
Direct-Traj,historical_large_transition,BIS,hold,180,0.08462000638246536,0.04975712671875954,0.12141378968954086,74,18152
Direct-Traj,historical_large_transition,MAP,hold,180,0.18781648576259613,0.1040831059217453,0.26611843705177307,56,13166
Direct-Traj,historical_large_transition,BIS,hold,300,0.12211499363183975,0.07873883843421936,0.17087969183921814,74,18152
Direct-Traj,historical_large_transition,MAP,hold,300,0.30672794580459595,0.19607405364513397,0.4116814136505127,56,13180
Direct-Traj,historical_large_transition,BIS,wrong,30,0.0420437715947628,0.025103650987148285,0.06021837890148163,74,17833
Direct-Traj,historical_large_transition,MAP,wrong,30,0.1132352352142334,0.08347290009260178,0.14474043250083923,56,13002
Direct-Traj,historical_large_transition,BIS,wrong,60,0.07127022743225098,0.04446587711572647,0.09736242890357971,74,17833
Direct-Traj,historical_large_transition,MAP,wrong,60,0.20658056437969208,0.13904054462909698,0.2739929258823395,56,12997
Direct-Traj,historical_large_transition,BIS,wrong,180,0.12256351858377457,0.0727425292134285,0.17040814459323883,74,17833
Direct-Traj,historical_large_transition,MAP,wrong,180,0.42269641160964966,0.32586249709129333,0.5277445316314697,56,13018
Direct-Traj,historical_large_transition,BIS,wrong,300,0.2338925153017044,0.15379728376865387,0.305747926235199,74,17833
Direct-Traj,historical_large_transition,MAP,wrong,300,0.48566457629203796,0.3567751944065094,0.6217041015625,56,13029
Direct-MH,high_rate_tail,BIS,hold,30,0.007566429208964109,-0.0036950993817299604,0.018539397045969963,73,17059
Direct-MH,high_rate_tail,MAP,hold,30,0.006460336036980152,-0.012837912887334824,0.030141260474920273,55,12457
Direct-MH,high_rate_tail,BIS,hold,60,0.039021048694849014,0.01072495337575674,0.0686112642288208,73,17059
Direct-MH,high_rate_tail,MAP,hold,60,0.06676524132490158,0.0075158714316785336,0.13283610343933105,55,12453
Direct-MH,high_rate_tail,BIS,hold,180,0.15912781655788422,0.0658809095621109,0.26253920793533325,73,17059
Direct-MH,high_rate_tail,MAP,hold,180,0.6594244241714478,0.37783610820770264,0.9759221076965332,55,12434
Direct-MH,high_rate_tail,BIS,hold,300,0.3210013508796692,0.16745564341545105,0.49902093410491943,73,17059
Direct-MH,high_rate_tail,MAP,hold,300,1.1030884981155396,0.6905491948127747,1.5395039319992065,55,12440
Direct-MH,high_rate_tail,BIS,wrong,30,0.019509803503751755,0.006554142106324434,0.03315984085202217,73,16785
Direct-MH,high_rate_tail,MAP,wrong,30,0.00030431849882006645,-0.019137181341648102,0.020697161555290222,55,12325
Direct-MH,high_rate_tail,BIS,wrong,60,0.03162752464413643,0.007817508652806282,0.055104877799749374,73,16785
Direct-MH,high_rate_tail,MAP,wrong,60,0.0376967154443264,-0.013053100556135178,0.09202934056520462,55,12317
Direct-MH,high_rate_tail,BIS,wrong,180,0.19200606644153595,0.10507479310035706,0.2878323495388031,73,16785
Direct-MH,high_rate_tail,MAP,wrong,180,0.5114032626152039,0.3076364994049072,0.7380191087722778,55,12298
Direct-MH,high_rate_tail,BIS,wrong,300,0.41822317242622375,0.24576148390769958,0.6033580303192139,73,16785
Direct-MH,high_rate_tail,MAP,wrong,300,0.8625523447990417,0.6033843755722046,1.0905628204345703,55,12312
Direct-Traj,high_rate_tail,BIS,hold,30,0.00046311659389175475,-0.014784145168960094,0.015819167718291283,73,17059
Direct-Traj,high_rate_tail,MAP,hold,30,0.008525333367288113,-0.023045148700475693,0.04741547256708145,55,12457
Direct-Traj,high_rate_tail,BIS,hold,60,0.04097386449575424,0.00561266764998436,0.07700542360544205,73,17059
Direct-Traj,high_rate_tail,MAP,hold,60,0.08833128958940506,0.009358925744891167,0.17870347201824188,55,12453
Direct-Traj,high_rate_tail,BIS,hold,180,0.16007257997989655,0.08125690370798111,0.2452688217163086,73,17059
Direct-Traj,high_rate_tail,MAP,hold,180,0.6559581160545349,0.4258274734020233,0.9084405899047852,55,12434
Direct-Traj,high_rate_tail,BIS,hold,300,0.28097423911094666,0.14979222416877747,0.41151532530784607,73,17059
Direct-Traj,high_rate_tail,MAP,hold,300,0.9475964903831482,0.6118524670600891,1.3053950071334839,55,12440
Direct-Traj,high_rate_tail,BIS,wrong,30,0.022403087466955185,0.0051211025565862656,0.039748843759298325,73,16785
Direct-Traj,high_rate_tail,MAP,wrong,30,0.011843334883451462,-0.018776554614305496,0.04399419575929642,55,12325
Direct-Traj,high_rate_tail,BIS,wrong,60,0.03844599053263664,0.00701246690005064,0.0731249749660492,73,16785
Direct-Traj,high_rate_tail,MAP,wrong,60,0.07916116714477539,0.007211744319647551,0.15588755905628204,55,12317
Direct-Traj,high_rate_tail,BIS,wrong,180,0.15754295885562897,0.08372431248426437,0.23510262370109558,73,16785
Direct-Traj,high_rate_tail,MAP,wrong,180,0.5645756721496582,0.37229791283607483,0.7685174345970154,55,12298
Direct-Traj,high_rate_tail,BIS,wrong,300,0.31248801946640015,0.18685975670814514,0.4399627149105072,73,16785
Direct-Traj,high_rate_tail,MAP,wrong,300,0.8004942536354065,0.564456582069397,1.0142772197723389,55,12312
Direct-MH,non_tail,BIS,hold,30,0.00015314406482502818,-0.0005530760972760618,0.0008452807669527829,74,66139
Direct-MH,non_tail,MAP,hold,30,-0.0003114923893008381,-0.0021602963097393513,0.0015426649479195476,56,55140
Direct-MH,non_tail,BIS,hold,60,0.00030877324752509594,-0.0020749636460095644,0.00290787685662508,74,66139
Direct-MH,non_tail,MAP,hold,60,0.00284763565286994,-0.0005819511716254056,0.006114820018410683,56,55145
Direct-MH,non_tail,BIS,hold,180,0.003925724886357784,-0.004999926313757896,0.012626933865249157,74,66139
Direct-MH,non_tail,MAP,hold,180,0.04671214893460274,0.032241091132164,0.06189638376235962,56,55166
Direct-MH,non_tail,BIS,hold,300,0.010312925092875957,-0.005504764150828123,0.02599012292921543,74,66139
Direct-MH,non_tail,MAP,hold,300,0.07305574417114258,0.04030822217464447,0.10705121606588364,56,55132
Direct-MH,non_tail,BIS,wrong,30,0.013593574054539204,0.008305431343615055,0.01920631341636181,74,64964
Direct-MH,non_tail,MAP,wrong,30,0.04728374257683754,0.03404925391077995,0.06337068974971771,56,54299
Direct-MH,non_tail,BIS,wrong,60,0.04168219864368439,0.029751276597380638,0.05366094782948494,74,64964
Direct-MH,non_tail,MAP,wrong,60,0.13287150859832764,0.09878069907426834,0.1697090119123459,56,54296
Direct-MH,non_tail,BIS,wrong,180,0.1387009620666504,0.09537386149168015,0.1952013075351715,74,64964
Direct-MH,non_tail,MAP,wrong,180,0.46632152795791626,0.3822668194770813,0.5612451434135437,56,54309
Direct-MH,non_tail,BIS,wrong,300,0.2371523529291153,0.15111857652664185,0.32488059997558594,74,64964
Direct-MH,non_tail,MAP,wrong,300,0.5761626362800598,0.4585103392601013,0.6951439380645752,56,54259
Direct-Traj,non_tail,BIS,hold,30,0.0003944144700653851,-0.0011189376236870885,0.001967498566955328,74,66139
Direct-Traj,non_tail,MAP,hold,30,-0.00014558897237293422,-0.0030250828713178635,0.0028379408176988363,56,55140
Direct-Traj,non_tail,BIS,hold,60,-0.00020738207967951894,-0.004220584407448769,0.003997430671006441,74,66139
Direct-Traj,non_tail,MAP,hold,60,0.0024837572127580643,-0.0027359947562217712,0.007392916362732649,56,55145
Direct-Traj,non_tail,BIS,hold,180,0.006319189444184303,-0.002331758616492152,0.01503976620733738,74,66139
Direct-Traj,non_tail,MAP,hold,180,0.029534121975302696,0.018157152459025383,0.040747009217739105,56,55166
Direct-Traj,non_tail,BIS,hold,300,0.007532587740570307,-0.003528306493535638,0.020144807174801826,74,66139
Direct-Traj,non_tail,MAP,hold,300,0.04304800182580948,0.024205345660448074,0.06375303119421005,56,55132
Direct-Traj,non_tail,BIS,wrong,30,0.035517171025276184,0.024994738399982452,0.04507475346326828,74,64964
Direct-Traj,non_tail,MAP,wrong,30,0.11490257829427719,0.09517894685268402,0.1358485221862793,56,54299
Direct-Traj,non_tail,BIS,wrong,60,0.06837054342031479,0.05241963267326355,0.08590995520353317,74,64964
Direct-Traj,non_tail,MAP,wrong,60,0.22996459901332855,0.18759533762931824,0.27034592628479004,56,54296
Direct-Traj,non_tail,BIS,wrong,180,0.08677401393651962,0.045535847544670105,0.12471675127744675,74,64964
Direct-Traj,non_tail,MAP,wrong,180,0.3503405749797821,0.2825976312160492,0.40926793217658997,56,54309
Direct-Traj,non_tail,BIS,wrong,300,0.1255747675895691,0.06761021167039871,0.17386096715927124,74,64964
Direct-Traj,non_tail,MAP,wrong,300,0.39236894249916077,0.3020711839199066,0.47359520196914673,56,54259
Direct-MH,initiation,BIS,hold,30,0.0038283541798591614,-0.014203215017914772,0.02218046225607395,71,4390
Direct-MH,initiation,MAP,hold,30,-0.030536094680428505,-0.05727684125304222,-0.006562880240380764,53,2963
Direct-MH,initiation,BIS,hold,60,0.026869019493460655,-0.026301028206944466,0.08156660944223404,71,4390
Direct-MH,initiation,MAP,hold,60,-0.02868017926812172,-0.11646957695484161,0.06122812256217003,53,2964
Direct-MH,initiation,BIS,hold,180,0.1619781255722046,0.03362834453582764,0.2977791726589203,71,4390
Direct-MH,initiation,MAP,hold,180,0.46671855449676514,0.17270155251026154,0.7932770252227783,53,2951
Direct-MH,initiation,BIS,hold,300,0.32952746748924255,0.12152709066867828,0.5493380427360535,71,4390
Direct-MH,initiation,MAP,hold,300,0.8435593247413635,0.4839741885662079,1.1954398155212402,53,2952
Direct-MH,initiation,BIS,wrong,30,0.014173217117786407,-0.005150241777300835,0.03665384277701378,71,4276
Direct-MH,initiation,MAP,wrong,30,0.015047561377286911,-0.042381323873996735,0.07316163927316666,53,2877
Direct-MH,initiation,BIS,wrong,60,0.020008966326713562,-0.021814046427607536,0.0607110969722271,71,4276
Direct-MH,initiation,MAP,wrong,60,0.07733185589313507,-0.028823407366871834,0.1910395324230194,53,2877
Direct-MH,initiation,BIS,wrong,180,0.16380587220191956,0.04540834575891495,0.28432658314704895,71,4276
Direct-MH,initiation,MAP,wrong,180,0.5420672297477722,0.25478607416152954,0.8563581109046936,53,2867
Direct-MH,initiation,BIS,wrong,300,0.4030085504055023,0.18953602015972137,0.6153044700622559,71,4276
Direct-MH,initiation,MAP,wrong,300,0.7856438755989075,0.4866388142108917,1.1035999059677124,53,2873
Direct-Traj,initiation,BIS,hold,30,-0.006642345804721117,-0.03611864149570465,0.023394659161567688,71,4390
Direct-Traj,initiation,MAP,hold,30,-0.03597845509648323,-0.08592905104160309,0.01526599284261465,53,2963
Direct-Traj,initiation,BIS,hold,60,-0.0013455060543492436,-0.07182160764932632,0.06562940031290054,71,4390
Direct-Traj,initiation,MAP,hold,60,-0.09353738278150558,-0.20621217787265778,0.014292825944721699,53,2964
Direct-Traj,initiation,BIS,hold,180,0.15348391234874725,0.034188393503427505,0.27581387758255005,71,4390
Direct-Traj,initiation,MAP,hold,180,0.32542794942855835,0.04633158817887306,0.593765377998352,53,2951
Direct-Traj,initiation,BIS,hold,300,0.274411678314209,0.10822060704231262,0.42943158745765686,71,4390
Direct-Traj,initiation,MAP,hold,300,0.6252864003181458,0.32520073652267456,0.9209355711936951,53,2952
Direct-Traj,initiation,BIS,wrong,30,0.010944835841655731,-0.020599359646439552,0.04889949411153793,71,4276
Direct-Traj,initiation,MAP,wrong,30,0.09015122801065445,0.0024894732050597668,0.18115466833114624,53,2877
Direct-Traj,initiation,BIS,wrong,60,0.0004208474128972739,-0.04993246868252754,0.052019812166690826,71,4276
Direct-Traj,initiation,MAP,wrong,60,0.14810606837272644,-0.015428240410983562,0.31272831559181213,53,2877
Direct-Traj,initiation,BIS,wrong,180,0.12122581154108047,0.023682262748479843,0.21588708460330963,71,4276
Direct-Traj,initiation,MAP,wrong,180,0.42058271169662476,0.18783646821975708,0.6659343838691711,53,2867
Direct-Traj,initiation,BIS,wrong,300,0.2803645133972168,0.14439520239830017,0.4098336696624756,71,4276
Direct-Traj,initiation,MAP,wrong,300,0.5491514801979065,0.31835421919822693,0.7781046628952026,53,2873
Direct-MH,increase,BIS,hold,30,0.008191687054932117,-0.008076567202806473,0.02789822593331337,67,3785
Direct-MH,increase,MAP,hold,30,-0.0012170280097052455,-0.033862486481666565,0.030222060158848763,50,2797
Direct-MH,increase,BIS,hold,60,0.037378568202257156,-0.011853336356580257,0.08536344021558762,67,3785
Direct-MH,increase,MAP,hold,60,0.02573227696120739,-0.06458611786365509,0.10394271463155746,50,2794
Direct-MH,increase,BIS,hold,180,0.21199040114879608,0.06819473952054977,0.3678663671016693,67,3785
Direct-MH,increase,MAP,hold,180,0.6444709897041321,0.2887018918991089,1.0605483055114746,50,2793
Direct-MH,increase,BIS,hold,300,0.31448042392730713,0.09183893352746964,0.6062995195388794,67,3785
Direct-MH,increase,MAP,hold,300,0.8404253125190735,0.39557749032974243,1.3474558591842651,50,2787
Direct-MH,increase,BIS,wrong,30,0.011459719389677048,-0.007445101626217365,0.0351179763674736,67,3695
Direct-MH,increase,MAP,wrong,30,0.03731951117515564,-0.010153430514037609,0.08821135759353638,50,2784
Direct-MH,increase,BIS,wrong,60,0.051205795258283615,-0.000459978764411062,0.10701703280210495,67,3695
Direct-MH,increase,MAP,wrong,60,0.12263382226228714,0.02336743101477623,0.21746979653835297,50,2781
Direct-MH,increase,BIS,wrong,180,0.21992410719394684,0.0556732602417469,0.4049828052520752,67,3695
Direct-MH,increase,MAP,wrong,180,0.6824460625648499,0.3862892687320709,1.0311907529830933,50,2780
Direct-MH,increase,BIS,wrong,300,0.40054187178611755,0.09110570698976517,0.7785357236862183,67,3695
Direct-MH,increase,MAP,wrong,300,0.7056671380996704,0.2951924800872803,1.1336944103240967,50,2774
Direct-Traj,increase,BIS,hold,30,0.014488614164292812,-0.017031032592058182,0.05370461940765381,67,3785
Direct-Traj,increase,MAP,hold,30,-0.013584122993052006,-0.06344307959079742,0.034070178866386414,50,2797
Direct-Traj,increase,BIS,hold,60,0.04728533327579498,-0.026801778003573418,0.11365343630313873,67,3785
Direct-Traj,increase,MAP,hold,60,-0.014282269403338432,-0.16872769594192505,0.1096002385020256,50,2794
Direct-Traj,increase,BIS,hold,180,0.19882380962371826,0.07515854388475418,0.3344135582447052,67,3785
Direct-Traj,increase,MAP,hold,180,0.6477440595626831,0.3124167025089264,1.0377649068832397,50,2793
Direct-Traj,increase,BIS,hold,300,0.2746068835258484,0.13913537561893463,0.4262722134590149,67,3785
Direct-Traj,increase,MAP,hold,300,0.8486766815185547,0.47412529587745667,1.299497127532959,50,2787
Direct-Traj,increase,BIS,wrong,30,0.023727260529994965,-0.011514083482325077,0.06293585896492004,67,3695
Direct-Traj,increase,MAP,wrong,30,0.08023089170455933,0.014520241878926754,0.1447235643863678,50,2784
Direct-Traj,increase,BIS,wrong,60,0.08204993605613708,0.018478713929653168,0.1427539736032486,67,3695
Direct-Traj,increase,MAP,wrong,60,0.21012011170387268,0.06990998238325119,0.3532712459564209,50,2781
Direct-Traj,increase,BIS,wrong,180,0.17364448308944702,0.04588616266846657,0.30187246203422546,67,3695
Direct-Traj,increase,MAP,wrong,180,0.6961024403572083,0.40890613198280334,1.0490323305130005,50,2780
Direct-Traj,increase,BIS,wrong,300,0.28491663932800293,0.1365112066268921,0.45968279242515564,67,3695
Direct-Traj,increase,MAP,wrong,300,0.7275246381759644,0.3724099099636078,1.0996699333190918,50,2774
Direct-MH,decrease,BIS,hold,30,0.0031200284138321877,-0.002175229135900736,0.008710384368896484,74,18081
Direct-MH,decrease,MAP,hold,30,0.0032690130174160004,-0.00634352769702673,0.01281704381108284,56,13618
Direct-MH,decrease,BIS,hold,60,0.014698192477226257,0.0008303525391966105,0.029008615761995316,74,18081
Direct-MH,decrease,MAP,hold,60,0.022365378215909004,-0.010131136514246464,0.0562669113278389,56,13621
Direct-MH,decrease,BIS,hold,180,0.05427290126681328,-0.005562168546020985,0.12104665488004684,74,18081
Direct-MH,decrease,MAP,hold,180,0.30962440371513367,0.18644960224628448,0.43507176637649536,56,13646
Direct-MH,decrease,BIS,hold,300,0.09140250831842422,8.964059816207737e-06,0.18817830085754395,74,18081
Direct-MH,decrease,MAP,hold,300,0.46287113428115845,0.2992401123046875,0.6406634449958801,56,13651
Direct-MH,decrease,BIS,wrong,30,0.014066760428249836,0.004967108368873596,0.023297294974327087,74,17830
Direct-MH,decrease,MAP,wrong,30,0.02996879443526268,0.01644698902964592,0.04618368670344353,56,13466
Direct-MH,decrease,BIS,wrong,60,0.03347625955939293,0.016521811485290527,0.051445238292217255,74,17830
Direct-MH,decrease,MAP,wrong,60,0.08627372235059738,0.04990487918257713,0.12508341670036316,56,13465
Direct-MH,decrease,BIS,wrong,180,0.12715177237987518,0.059456873685121536,0.20114006102085114,74,17830
Direct-MH,decrease,MAP,wrong,180,0.5039151310920715,0.3739343583583832,0.6536522507667542,56,13482
Direct-MH,decrease,BIS,wrong,300,0.21278004348278046,0.10737838596105576,0.32529884576797485,74,17830
Direct-MH,decrease,MAP,wrong,300,0.6965161561965942,0.5552794933319092,0.8447150588035583,56,13476
Direct-Traj,decrease,BIS,hold,30,0.00024630341795273125,-0.008446742780506611,0.009196886792778969,74,18081
Direct-Traj,decrease,MAP,hold,30,-0.0022343616001307964,-0.01512799970805645,0.011012332513928413,56,13618
Direct-Traj,decrease,BIS,hold,60,0.013964065350592136,-0.005049178376793861,0.03297783061861992,74,18081
Direct-Traj,decrease,MAP,hold,60,0.037538331001996994,-0.004376483615487814,0.08221892267465591,56,13621
Direct-Traj,decrease,BIS,hold,180,0.05614084750413895,-0.0005279279430396855,0.12000229954719543,74,18081
Direct-Traj,decrease,MAP,hold,180,0.31459733843803406,0.2031848430633545,0.42406511306762695,56,13646
Direct-Traj,decrease,BIS,hold,300,0.083930604159832,0.01342690922319889,0.15849612653255463,74,18081
Direct-Traj,decrease,MAP,hold,300,0.3317348062992096,0.20561465620994568,0.46539080142974854,56,13651
Direct-Traj,decrease,BIS,wrong,30,0.026796504855155945,0.011394618079066277,0.04215257987380028,74,17830
Direct-Traj,decrease,MAP,wrong,30,0.05570254847407341,0.03229813650250435,0.07954349368810654,56,13466
Direct-Traj,decrease,BIS,wrong,60,0.04083339124917984,0.018462538719177246,0.06648990511894226,74,17830
Direct-Traj,decrease,MAP,wrong,60,0.12786151468753815,0.0688430517911911,0.1881791055202484,56,13465
Direct-Traj,decrease,BIS,wrong,180,0.10038481652736664,0.04426683858036995,0.16204141080379486,74,17830
Direct-Traj,decrease,MAP,wrong,180,0.4620823264122009,0.34174948930740356,0.5808395147323608,56,13482
Direct-Traj,decrease,BIS,wrong,300,0.14635148644447327,0.07866771519184113,0.22169440984725952,74,17830
Direct-Traj,decrease,MAP,wrong,300,0.5201742053031921,0.3845462501049042,0.6492084860801697,56,13476
Direct-MH,stop,BIS,hold,30,0.05345240607857704,-0.02569933794438839,0.14179135859012604,35,683
Direct-MH,stop,MAP,hold,30,-0.007450588978827,-0.13141195476055145,0.12870481610298157,25,491
Direct-MH,stop,BIS,hold,60,-0.03299373388290405,-0.14618650078773499,0.08284197002649307,35,683
Direct-MH,stop,MAP,hold,60,0.33027106523513794,0.07737204432487488,0.6275694370269775,25,488
Direct-MH,stop,BIS,hold,180,0.5772534608840942,-0.1669616401195526,1.495902180671692,35,683
Direct-MH,stop,MAP,hold,180,0.6245020627975464,-0.1136661022901535,1.5499786138534546,25,480
Direct-MH,stop,BIS,hold,300,0.35359930992126465,-0.494464635848999,1.3268438577651978,35,683
Direct-MH,stop,MAP,hold,300,1.1598111391067505,0.36185359954833984,2.143738269805908,25,480
Direct-MH,stop,BIS,wrong,30,0.048307549208402634,-0.0123938899487257,0.11244545131921768,34,665
Direct-MH,stop,MAP,wrong,30,0.012102672830224037,-0.1021307110786438,0.15136291086673737,25,491
Direct-MH,stop,BIS,wrong,60,0.006268147379159927,-0.1193460002541542,0.1246570572257042,34,665
Direct-MH,stop,MAP,wrong,60,0.10265763103961945,-0.14197425544261932,0.40715786814689636,25,488
Direct-MH,stop,BIS,wrong,180,0.4847073256969452,-0.17694254219532013,1.2539547681808472,34,665
Direct-MH,stop,MAP,wrong,180,0.3458784520626068,-0.40409448742866516,1.3352543115615845,25,479
Direct-MH,stop,BIS,wrong,300,0.5809291005134583,-0.09949719905853271,1.3344714641571045,34,665
Direct-MH,stop,MAP,wrong,300,0.7360556125640869,0.000683403923176229,1.5867146253585815,25,480
Direct-Traj,stop,BIS,hold,30,0.08300340175628662,-0.031155331060290337,0.21034328639507294,35,683
Direct-Traj,stop,MAP,hold,30,-0.04530012607574463,-0.23117950558662415,0.13514642417430878,25,491
Direct-Traj,stop,BIS,hold,60,0.05267389491200447,-0.10952385514974594,0.21045537292957306,35,683
Direct-Traj,stop,MAP,hold,60,0.2580547630786896,-0.03813794255256653,0.5692790746688843,25,488
Direct-Traj,stop,BIS,hold,180,0.6579747796058655,0.13298887014389038,1.3563220500946045,35,683
Direct-Traj,stop,MAP,hold,180,0.5369695425033569,-0.07279189676046371,1.2425259351730347,25,480
Direct-Traj,stop,BIS,hold,300,0.37057608366012573,-0.3628133535385132,1.2182117700576782,35,683
Direct-Traj,stop,MAP,hold,300,0.5614955425262451,-0.16929365694522858,1.3941165208816528,25,480
Direct-Traj,stop,BIS,wrong,30,0.10300537198781967,-0.010504309087991714,0.2268616259098053,34,665
Direct-Traj,stop,MAP,wrong,30,-0.03937191888689995,-0.2722208797931671,0.20253564417362213,25,491
Direct-Traj,stop,BIS,wrong,60,0.12286357581615448,-0.07461726665496826,0.29163646697998047,34,665
Direct-Traj,stop,MAP,wrong,60,0.062327027320861816,-0.29342418909072876,0.5239624381065369,25,488
Direct-Traj,stop,BIS,wrong,180,0.3703440725803375,-0.013354238122701645,0.8597566485404968,34,665
Direct-Traj,stop,MAP,wrong,180,0.2550509572029114,-0.371034175157547,1.031407356262207,25,479
Direct-Traj,stop,BIS,wrong,300,0.4504263699054718,-0.030082829296588898,0.9781240224838257,34,665
Direct-Traj,stop,MAP,wrong,300,0.3803495168685913,-0.13973401486873627,0.9799214005470276,25,480
