subset,target,comparison,horizon_seconds,difference_mae,ci_low,ci_high,patients,windows
overall,BIS,DHA,30,0.01722129061818123,0.000676220515742898,0.03216397762298584,74,83198
overall,BIS,DTA,30,-0.002766696270555258,-0.01680040918290615,0.010853971354663372,74,83198
overall,BIS,RP,30,0.9473254084587097,0.894683837890625,1.0021167993545532,74,83098
overall,BIS,RP_latent_reset,30,-0.7664754986763,-0.8357393145561218,-0.6946656107902527,74,83098
overall,MAP,DHA,30,0.0020100686233490705,-0.019054552540183067,0.024047989398241043,56,67597
overall,MAP,DTA,30,-0.03852289915084839,-0.06565728783607483,-0.013499696739017963,56,67597
overall,MAP,RP,30,0.8673630952835083,0.7982795238494873,0.9403360486030579,56,67489
overall,MAP,RP_latent_reset,30,-0.5811610221862793,-0.6849697828292847,-0.48711904883384705,56,67489
overall,BIS,DHA,60,0.02495483309030533,0.005137549713253975,0.04495568200945854,74,83198
overall,BIS,DTA,60,0.0061856466345489025,-0.011306308209896088,0.022398879751563072,74,83198
overall,BIS,RP,60,1.4200066328048706,1.3227577209472656,1.5269073247909546,74,83129
overall,BIS,RP_latent_reset,60,-1.0547868013381958,-1.1378605365753174,-0.9673268795013428,74,83129
overall,MAP,DHA,60,-0.0018778139492496848,-0.02892107516527176,0.024914588779211044,56,67598
overall,MAP,DTA,60,-0.0842575877904892,-0.1261221170425415,-0.04736738279461861,56,67598
overall,MAP,RP,60,1.4577285051345825,1.3458163738250732,1.5911439657211304,56,67491
overall,MAP,RP_latent_reset,60,-0.8628163933753967,-1.0402414798736572,-0.7078256011009216,56,67491
overall,BIS,DHA,180,0.07109773904085159,0.025587191805243492,0.12028837949037552,74,83198
overall,BIS,DTA,180,0.05205437168478966,0.019034359604120255,0.08352573215961456,74,83198
overall,BIS,RP,180,2.200143814086914,2.0131642818450928,2.4062633514404297,74,83113
overall,BIS,RP_latent_reset,180,-1.474652647972107,-1.623160719871521,-1.3176079988479614,74,83113
overall,MAP,DHA,180,0.016933653503656387,-0.029412446543574333,0.06283707171678543,56,67600
overall,MAP,DTA,180,-0.07566121965646744,-0.1477593332529068,-0.009775643236935139,56,67600
overall,MAP,RP,180,3.146313190460205,2.8970654010772705,3.4189741611480713,56,67494
overall,MAP,RP_latent_reset,180,-1.3160957098007202,-1.5573872327804565,-1.0906260013580322,56,67494
overall,BIS,DHA,300,0.10433770716190338,0.03426595777273178,0.18702587485313416,74,83198
overall,BIS,DTA,300,0.059592362493276596,0.00609499542042613,0.11727442592382431,74,83198
overall,BIS,RP,300,2.6306281089782715,2.3986363410949707,2.8830924034118652,74,83112
overall,BIS,RP_latent_reset,300,-1.6789696216583252,-1.898637056350708,-1.444478988647461,74,83112
overall,MAP,DHA,300,0.03229484334588051,-0.03818844258785248,0.09760189801454544,56,67572
overall,MAP,DTA,300,-0.08608969300985336,-0.19198958575725555,0.013529780320823193,56,67572
overall,MAP,RP,300,4.118640899658203,3.7792880535125732,4.484776020050049,56,67468
overall,MAP,RP_latent_reset,300,-1.6541327238082886,-1.9439574480056763,-1.3870081901550293,56,67468
Q4,BIS,DHA,30,-0.0062017678283154964,-0.03521672263741493,0.018457988277077675,74,20995
Q4,BIS,DTA,30,-0.03467449173331261,-0.059780485928058624,-0.012230942957103252,74,20995
Q4,BIS,RP,30,1.0862858295440674,1.0026443004608154,1.1724927425384521,74,20959
Q4,BIS,RP_latent_reset,30,-0.7451534867286682,-0.8208482265472412,-0.6696948409080505,74,20959
Q4,MAP,DHA,30,-0.012364872731268406,-0.04467615485191345,0.022758737206459045,56,15386
Q4,MAP,DTA,30,-0.10385102778673172,-0.17120298743247986,-0.04918385297060013,56,15386
Q4,MAP,RP,30,1.1151963472366333,0.9837510585784912,1.2504929304122925,56,15358
Q4,MAP,RP_latent_reset,30,-0.6645374298095703,-0.8833634853363037,-0.442726194858551,56,15358
Q4,BIS,DHA,60,-0.007475689519196749,-0.048581745475530624,0.031236885115504265,74,20995
Q4,BIS,DTA,60,-0.04642627388238907,-0.08234762400388718,-0.012687006033957005,74,20995
Q4,BIS,RP,60,1.6458431482315063,1.4736603498458862,1.8348727226257324,74,20972
Q4,BIS,RP_latent_reset,60,-1.0544264316558838,-1.1735973358154297,-0.9423254132270813,74,20972
Q4,MAP,DHA,60,-0.05469117313623428,-0.1169862225651741,-0.0022005087230354548,56,15382
Q4,MAP,DTA,60,-0.21605096757411957,-0.31432628631591797,-0.1284855157136917,56,15382
Q4,MAP,RP,60,1.9348113536834717,1.7014271020889282,2.165787935256958,56,15357
Q4,MAP,RP_latent_reset,60,-1.0865836143493652,-1.547200322151184,-0.6981796026229858,56,15357
Q4,BIS,DHA,180,0.023388653993606567,-0.058962322771549225,0.09974776953458786,74,20995
Q4,BIS,DTA,180,0.017245562747120857,-0.05954134091734886,0.0896824523806572,74,20995
Q4,BIS,RP,180,2.728581666946411,2.3870608806610107,3.1172614097595215,74,20968
Q4,BIS,RP_latent_reset,180,-1.7960060834884644,-2.08148455619812,-1.547846794128418,74,20968
Q4,MAP,DHA,180,-0.008425286039710045,-0.11175986379384995,0.10530298203229904,56,15372
Q4,MAP,DTA,180,-0.1218884140253067,-0.27515625953674316,0.013997326605021954,56,15372
Q4,MAP,RP,180,4.055999279022217,3.6586391925811768,4.4393534660339355,56,15343
Q4,MAP,RP_latent_reset,180,-1.891680121421814,-2.383053779602051,-1.42734956741333,56,15343
Q4,BIS,DHA,300,0.05024785175919533,-0.05519425496459007,0.15605439245700836,74,20995
Q4,BIS,DTA,300,-0.009231538511812687,-0.11592281609773636,0.08032367378473282,74,20995
Q4,BIS,RP,300,3.174433946609497,2.7516262531280518,3.6306512355804443,74,20968
Q4,BIS,RP_latent_reset,300,-2.1712348461151123,-2.649085283279419,-1.7772245407104492,74,20968
Q4,MAP,DHA,300,-0.04777153953909874,-0.20985987782478333,0.11216145753860474,56,15381
Q4,MAP,DTA,300,-0.11627637594938278,-0.30788320302963257,0.04966352880001068,56,15381
Q4,MAP,RP,300,4.930423259735107,4.433994293212891,5.439577579498291,56,15351
Q4,MAP,RP_latent_reset,300,-2.4302189350128174,-2.9217641353607178,-1.9411215782165527,56,15351
stable_action_Q1,BIS,DHA,30,0.06173684075474739,0.019718555733561516,0.1138092577457428,74,21772
stable_action_Q1,BIS,DTA,30,0.03429487720131874,-0.000150224135722965,0.0733904018998146,74,21772
stable_action_Q1,BIS,RP,30,0.9128339886665344,0.8120301961898804,1.0166065692901611,74,21755
stable_action_Q1,BIS,RP_latent_reset,30,-0.7473771572113037,-0.8352518081665039,-0.6657868027687073,74,21755
stable_action_Q1,MAP,DHA,30,0.03111058473587036,-0.012148555368185043,0.07671663910150528,56,19131
stable_action_Q1,MAP,DTA,30,9.34387935558334e-05,-0.05558962747454643,0.045620396733284,56,19131
stable_action_Q1,MAP,RP,30,0.7708523869514465,0.6924464106559753,0.8605355620384216,56,19101
stable_action_Q1,MAP,RP_latent_reset,30,-0.4400129020214081,-0.585331380367279,-0.3229183256626129,56,19101
stable_action_Q1,BIS,DHA,60,0.07174036651849747,0.011550722643733025,0.14523302018642426,74,21772
stable_action_Q1,BIS,DTA,60,0.037403374910354614,-0.03793942555785179,0.1352653205394745,74,21772
stable_action_Q1,BIS,RP,60,1.50059974193573,1.2962816953659058,1.7397284507751465,74,21760
stable_action_Q1,BIS,RP_latent_reset,60,-1.0536984205245972,-1.1724265813827515,-0.9414241313934326,74,21760
stable_action_Q1,MAP,DHA,60,0.024492187425494194,-0.03626353293657303,0.07931792736053467,56,19132
stable_action_Q1,MAP,DTA,60,-0.02963133715093136,-0.11006664484739304,0.03721964359283447,56,19132
stable_action_Q1,MAP,RP,60,1.2500505447387695,1.0823988914489746,1.4282258749008179,56,19105
stable_action_Q1,MAP,RP_latent_reset,60,-0.7242497801780701,-0.9449695944786072,-0.5113959908485413,56,19105
stable_action_Q1,BIS,DHA,180,0.08440504968166351,-0.07540855556726456,0.24149520695209503,74,21772
stable_action_Q1,BIS,DTA,180,0.012325518764555454,-0.1183466836810112,0.1187572106719017,74,21772
stable_action_Q1,BIS,RP,180,2.635850667953491,2.215392827987671,3.097022771835327,74,21754
stable_action_Q1,BIS,RP_latent_reset,180,-1.3377078771591187,-1.6135175228118896,-1.0147784948349,74,21754
stable_action_Q1,MAP,DHA,180,0.00949516799300909,-0.07211875915527344,0.08597345650196075,56,19131
stable_action_Q1,MAP,DTA,180,-0.0872236043214798,-0.2022840678691864,0.02416999079287052,56,19131
stable_action_Q1,MAP,RP,180,2.8263325691223145,2.5114121437072754,3.1855101585388184,56,19108
stable_action_Q1,MAP,RP_latent_reset,180,-1.0101372003555298,-1.3115758895874023,-0.6862199306488037,56,19108
stable_action_Q1,BIS,DHA,300,0.18204160034656525,-0.06837731599807739,0.45859286189079285,74,21772
stable_action_Q1,BIS,DTA,300,0.042026080191135406,-0.14423868060112,0.21748550236225128,74,21772
stable_action_Q1,BIS,RP,300,3.405524730682373,2.88852596282959,3.9537441730499268,74,21756
stable_action_Q1,BIS,RP_latent_reset,300,-1.767064094543457,-2.3558402061462402,-1.1290277242660522,74,21756
stable_action_Q1,MAP,DHA,300,0.05627991631627083,-0.07696481794118881,0.18201692402362823,56,19094
stable_action_Q1,MAP,DTA,300,-0.11353860795497894,-0.31026598811149597,0.07120309770107269,56,19094
stable_action_Q1,MAP,RP,300,4.041482448577881,3.591836929321289,4.598048210144043,56,19077
stable_action_Q1,MAP,RP_latent_reset,300,-1.4165127277374268,-1.9167475700378418,-0.9146552681922913,56,19077
upcoming_large_intervention,BIS,DHA,30,0.004803263116627932,-0.019652144983410835,0.02706466242671013,74,26939
upcoming_large_intervention,BIS,DTA,30,-0.021774888038635254,-0.04166178032755852,-0.002934640971943736,74,26939
upcoming_large_intervention,BIS,RP,30,1.028038740158081,0.9481188654899597,1.107733130455017,74,26897
upcoming_large_intervention,BIS,RP_latent_reset,30,-0.7609034180641174,-0.8378967642784119,-0.6845298409461975,74,26897
upcoming_large_intervention,MAP,DHA,30,-0.019950177520513535,-0.061994291841983795,0.02039049193263054,56,19869
upcoming_large_intervention,MAP,DTA,30,-0.08339089155197144,-0.12880399823188782,-0.0399918295443058,56,19869
upcoming_large_intervention,MAP,RP,30,1.0959566831588745,0.9600604176521301,1.2334778308868408,56,19833
upcoming_large_intervention,MAP,RP_latent_reset,30,-0.7061491012573242,-0.8734303116798401,-0.523679792881012,56,19833
upcoming_large_intervention,BIS,DHA,60,0.0017567489994689822,-0.030916089192032814,0.03243904560804367,74,26939
upcoming_large_intervention,BIS,DTA,60,-0.019166629761457443,-0.04680734872817993,0.007851885631680489,74,26939
upcoming_large_intervention,BIS,RP,60,1.556545615196228,1.4049363136291504,1.7188955545425415,74,26914
upcoming_large_intervention,BIS,RP_latent_reset,60,-1.0341025590896606,-1.1308257579803467,-0.9381258487701416,74,26914
upcoming_large_intervention,MAP,DHA,60,-0.03928595408797264,-0.08949659764766693,0.015210858546197414,56,19867
upcoming_large_intervention,MAP,DTA,60,-0.15862855315208435,-0.22082525491714478,-0.0944439098238945,56,19867
upcoming_large_intervention,MAP,RP,60,1.8931901454925537,1.694489598274231,2.0923171043395996,56,19830
upcoming_large_intervention,MAP,RP_latent_reset,60,-1.0742778778076172,-1.3641002178192139,-0.7731555104255676,56,19830
upcoming_large_intervention,BIS,DHA,180,0.03950432687997818,-0.020161544904112816,0.09501222521066666,74,26939
upcoming_large_intervention,BIS,DTA,180,0.04517475888133049,-0.010394815355539322,0.09898348152637482,74,26939
upcoming_large_intervention,BIS,RP,180,2.423922538757324,2.15393328666687,2.725308895111084,74,26907
upcoming_large_intervention,BIS,RP_latent_reset,180,-1.6699104309082031,-1.8654264211654663,-1.4934277534484863,74,26907
upcoming_large_intervention,MAP,DHA,180,0.003941860515624285,-0.06979203224182129,0.0852995365858078,56,19870
upcoming_large_intervention,MAP,DTA,180,-0.07951021939516068,-0.17788702249526978,0.0067202080972492695,56,19870
upcoming_large_intervention,MAP,RP,180,3.8495960235595703,3.4871456623077393,4.220625877380371,56,19831
upcoming_large_intervention,MAP,RP_latent_reset,180,-1.7529746294021606,-2.1291792392730713,-1.3665152788162231,56,19831
upcoming_large_intervention,BIS,DHA,300,0.0676351860165596,-0.013027725741267204,0.14625020325183868,74,26939
upcoming_large_intervention,BIS,DTA,300,0.04054400324821472,-0.0355803444981575,0.10413285344839096,74,26939
upcoming_large_intervention,BIS,RP,300,2.8183677196502686,2.5222060680389404,3.140718936920166,74,26909
upcoming_large_intervention,BIS,RP_latent_reset,300,-2.0058388710021973,-2.317338705062866,-1.7363554239273071,74,26909
upcoming_large_intervention,MAP,DHA,300,0.0002994196838699281,-0.09292446076869965,0.10041021555662155,56,19870
upcoming_large_intervention,MAP,DTA,300,-0.11187466233968735,-0.25091779232025146,0.015142248012125492,56,19870
upcoming_large_intervention,MAP,RP,300,4.669486045837402,4.229615688323975,5.127389907836914,56,19833
upcoming_large_intervention,MAP,RP_latent_reset,300,-2.155618667602539,-2.587284564971924,-1.7508339881896973,56,19833
historical_large_transition,BIS,DHA,30,0.01583850011229515,-0.009446471929550171,0.04240037128329277,74,18152
historical_large_transition,BIS,DTA,30,-0.01875528134405613,-0.041678931564092636,0.0015922988532111049,74,18152
historical_large_transition,BIS,RP,30,1.0170238018035889,0.9378935098648071,1.0984479188919067,74,18127
historical_large_transition,BIS,RP_latent_reset,30,-0.7270092368125916,-0.8022361397743225,-0.6544038653373718,74,18127
historical_large_transition,MAP,DHA,30,-0.05562895908951759,-0.0996149554848671,-0.014235349372029305,56,13145
historical_large_transition,MAP,DTA,30,-0.1099969819188118,-0.1582428216934204,-0.06453718990087509,56,13145
historical_large_transition,MAP,RP,30,0.9715348482131958,0.8437172770500183,1.0957026481628418,56,13115
historical_large_transition,MAP,RP_latent_reset,30,-0.6882773041725159,-0.955070436000824,-0.46690669655799866,56,13115
historical_large_transition,BIS,DHA,60,0.01738140918314457,-0.017921295017004013,0.05173904076218605,74,18152
historical_large_transition,BIS,DTA,60,0.0002233295381302014,-0.03550660237669945,0.03231555595993996,74,18152
historical_large_transition,BIS,RP,60,1.6444954872131348,1.495241403579712,1.7975620031356812,74,18140
historical_large_transition,BIS,RP_latent_reset,60,-1.0389903783798218,-1.1391382217407227,-0.941888153553009,74,18140
historical_large_transition,MAP,DHA,60,-0.08380954712629318,-0.14359016716480255,-0.026843788102269173,56,13146
historical_large_transition,MAP,DTA,60,-0.18812833726406097,-0.25839871168136597,-0.12330417335033417,56,13146
historical_large_transition,MAP,RP,60,1.6438865661621094,1.4562281370162964,1.8527735471725464,56,13114
historical_large_transition,MAP,RP_latent_reset,60,-1.024083137512207,-1.450365662574768,-0.6852717399597168,56,13114
historical_large_transition,BIS,DHA,180,0.0976734310388565,0.034785155206918716,0.16359232366085052,74,18152
historical_large_transition,BIS,DTA,180,0.10346848517656326,0.03515653312206268,0.170860156416893,74,18152
historical_large_transition,BIS,RP,180,2.6369235515594482,2.3953187465667725,2.8800415992736816,74,18128
historical_large_transition,BIS,RP_latent_reset,180,-1.617299199104309,-1.856810450553894,-1.3990492820739746,74,18128
historical_large_transition,MAP,DHA,180,-0.12075097113847733,-0.23474012315273285,-0.011235574260354042,56,13166
historical_large_transition,MAP,DTA,180,-0.13443629443645477,-0.24971161782741547,-0.022345082834362984,56,13166
historical_large_transition,MAP,RP,180,3.682900905609131,3.3120388984680176,4.060701370239258,56,13144
historical_large_transition,MAP,RP_latent_reset,180,-1.700452208518982,-2.2145438194274902,-1.23453688621521,56,13144
historical_large_transition,BIS,DHA,300,0.11881619691848755,0.019009485840797424,0.2167566865682602,74,18152
historical_large_transition,BIS,DTA,300,0.09004615992307663,-0.004520972725003958,0.1738261729478836,74,18152
historical_large_transition,BIS,RP,300,3.1987082958221436,2.8695907592773438,3.5154316425323486,74,18128
historical_large_transition,BIS,RP_latent_reset,300,-1.9779809713363647,-2.3626246452331543,-1.6232285499572754,74,18128
historical_large_transition,MAP,DHA,300,-0.04737178608775139,-0.19333122670650482,0.09234105795621872,56,13180
historical_large_transition,MAP,DTA,300,-0.06510629504919052,-0.2534271478652954,0.09472498297691345,56,13180
historical_large_transition,MAP,RP,300,4.84818172454834,4.309288024902344,5.389534950256348,56,13156
historical_large_transition,MAP,RP_latent_reset,300,-2.1363525390625,-2.7175910472869873,-1.5812058448791504,56,13156
high_rate_tail,BIS,DHA,30,-0.020367270335555077,-0.06161333993077278,0.013676932081580162,73,17059
high_rate_tail,BIS,DTA,30,-0.03346889466047287,-0.06513168662786484,-0.007419336587190628,73,17059
high_rate_tail,BIS,RP,30,1.1549640893936157,1.0623176097869873,1.259409785270691,73,17029
high_rate_tail,BIS,RP_latent_reset,30,-0.7218515872955322,-0.8092434406280518,-0.6307168006896973,73,17029
high_rate_tail,MAP,DHA,30,0.007133157458156347,-0.035634782165288925,0.04898791015148163,55,12457
high_rate_tail,MAP,DTA,30,-0.06991739571094513,-0.1246982216835022,-0.020509513095021248,55,12457
high_rate_tail,MAP,RP,30,1.1500942707061768,0.9709083437919617,1.3387621641159058,55,12432
high_rate_tail,MAP,RP_latent_reset,30,-0.6427406072616577,-0.869041919708252,-0.4165835380554199,55,12432
high_rate_tail,BIS,DHA,60,-0.02474609762430191,-0.07688192278146744,0.01760442927479744,73,17059
high_rate_tail,BIS,DTA,60,-0.040538378059864044,-0.08418251574039459,-0.001810505404137075,73,17059
high_rate_tail,BIS,RP,60,1.7597503662109375,1.5830116271972656,1.9609665870666504,73,17041
high_rate_tail,BIS,RP_latent_reset,60,-1.0339711904525757,-1.1664289236068726,-0.9047826528549194,73,17041
high_rate_tail,MAP,DHA,60,-0.039531972259283066,-0.09330259263515472,0.010941168293356895,55,12453
high_rate_tail,MAP,DTA,60,-0.16684451699256897,-0.2304636538028717,-0.10374389588832855,55,12453
high_rate_tail,MAP,RP,60,2.0421993732452393,1.7509963512420654,2.343289852142334,55,12432
high_rate_tail,MAP,RP_latent_reset,60,-1.0608195066452026,-1.5471903085708618,-0.6347993612289429,55,12432
high_rate_tail,BIS,DHA,180,0.01900063268840313,-0.06829337030649185,0.09898480027914047,73,17059
high_rate_tail,BIS,DTA,180,-0.005153368227183819,-0.09359510242938995,0.08277881890535355,73,17059
high_rate_tail,BIS,RP,180,2.84912109375,2.5110812187194824,3.2618091106414795,73,17035
high_rate_tail,BIS,RP_latent_reset,180,-1.7976001501083374,-2.080801010131836,-1.5379753112792969,73,17035
high_rate_tail,MAP,DHA,180,0.01578185148537159,-0.09247002005577087,0.12912584841251373,55,12434
high_rate_tail,MAP,DTA,180,-0.12683521211147308,-0.30383312702178955,0.0389375202357769,55,12434
high_rate_tail,MAP,RP,180,4.394836902618408,3.80918288230896,5.007888317108154,55,12406
high_rate_tail,MAP,RP_latent_reset,180,-1.8247089385986328,-2.3519558906555176,-1.3225998878479004,55,12406
high_rate_tail,BIS,DHA,300,0.05979068949818611,-0.07144125550985336,0.1840258687734604,73,17059
high_rate_tail,BIS,DTA,300,-0.03661857545375824,-0.153119757771492,0.06837476044893265,73,17059
high_rate_tail,BIS,RP,300,3.2636022567749023,2.8160815238952637,3.7688486576080322,73,17035
high_rate_tail,BIS,RP_latent_reset,300,-2.2414073944091797,-2.753242254257202,-1.7997974157333374,73,17035
high_rate_tail,MAP,DHA,300,-0.055425334721803665,-0.22906872630119324,0.10192776471376419,55,12440
high_rate_tail,MAP,DTA,300,-0.15765222907066345,-0.3757854402065277,0.049908146262168884,55,12440
high_rate_tail,MAP,RP,300,5.122533798217773,4.478127479553223,5.714055061340332,55,12415
high_rate_tail,MAP,RP_latent_reset,300,-2.4581098556518555,-3.00924015045166,-1.9180583953857422,55,12415
non_tail,BIS,DHA,30,0.028077902272343636,0.01094607263803482,0.045065850019454956,74,66139
non_tail,BIS,DTA,30,0.004259750712662935,-0.014330925419926643,0.021999483928084373,74,66139
non_tail,BIS,RP,30,0.9011558294296265,0.8547928929328918,0.9492956399917603,74,66069
non_tail,BIS,RP_latent_reset,30,-0.7737664580345154,-0.8452577590942383,-0.7043020725250244,74,66069
non_tail,MAP,DHA,30,0.0017779736081138253,-0.021728618070483208,0.023775285109877586,56,55140
non_tail,MAP,DTA,30,-0.027397839352488518,-0.056697435677051544,-0.0012673386372625828,56,55140
non_tail,MAP,RP,30,0.8235958218574524,0.7581417560577393,0.8985492587089539,56,55057
non_tail,MAP,RP_latent_reset,30,-0.5531200766563416,-0.6660754084587097,-0.45545122027397156,56,55057
non_tail,BIS,DHA,60,0.039208367466926575,0.015919344499707222,0.06222798302769661,74,66139
non_tail,BIS,DTA,60,0.015720004215836525,-0.007053482811897993,0.03592124953866005,74,66139
non_tail,BIS,RP,60,1.333953857421875,1.251901388168335,1.4225430488586426,74,66088
non_tail,BIS,RP_latent_reset,60,-1.0543711185455322,-1.139549970626831,-0.9686033725738525,74,66088
non_tail,MAP,DHA,60,0.0024222773499786854,-0.023396333679556847,0.028983741998672485,56,55145
non_tail,MAP,DTA,60,-0.06637559086084366,-0.11432110518217087,-0.025924021378159523,56,55145
non_tail,MAP,RP,60,1.3632076978683472,1.2555170059204102,1.5002083778381348,56,55059
non_tail,MAP,RP_latent_reset,60,-0.8173059225082397,-1.0172407627105713,-0.6567370295524597,56,55059
non_tail,BIS,DHA,180,0.08543138206005096,0.032544251531362534,0.14646269381046295,74,66139
non_tail,BIS,DTA,180,0.06392593681812286,0.02742001973092556,0.1014159619808197,74,66139
non_tail,BIS,RP,180,2.031351089477539,1.8622534275054932,2.2220702171325684,74,66078
non_tail,BIS,RP_latent_reset,180,-1.364212989807129,-1.5041766166687012,-1.2017170190811157,74,66078
non_tail,MAP,DHA,180,0.011656923219561577,-0.03783112019300461,0.05973950773477554,56,55166
non_tail,MAP,DTA,180,-0.07109669595956802,-0.15028879046440125,0.00421688798815012,56,55166
non_tail,MAP,RP,180,2.943415403366089,2.6886277198791504,3.227134943008423,56,55088
non_tail,MAP,RP_latent_reset,180,-1.2169855833053589,-1.4886177778244019,-0.9649276733398438,56,55088
non_tail,BIS,DHA,300,0.1180775910615921,0.03757677227258682,0.21248088777065277,74,66139
non_tail,BIS,DTA,300,0.07687163352966309,0.013311454094946384,0.1468261033296585,74,66139
non_tail,BIS,RP,300,2.4953267574310303,2.2697010040283203,2.752882719039917,74,66077
non_tail,BIS,RP_latent_reset,300,-1.5210825204849243,-1.7264341115951538,-1.2795608043670654,74,66077
non_tail,MAP,DHA,300,0.04452427104115486,-0.028236694633960724,0.11172113567590714,56,55132
non_tail,MAP,DTA,300,-0.07530969381332397,-0.19948118925094604,0.03605486452579498,56,55132
non_tail,MAP,RP,300,3.9508328437805176,3.603381395339966,4.355060577392578,56,55053
non_tail,MAP,RP_latent_reset,300,-1.4749243259429932,-1.771089792251587,-1.177420735359192,56,55053
initiation,BIS,DHA,30,0.055433571338653564,0.01559910736978054,0.09936594218015671,71,4390
initiation,BIS,DTA,30,-0.0016014061402529478,-0.04233647510409355,0.039446573704481125,71,4390
initiation,BIS,RP,30,1.199571967124939,1.0394625663757324,1.3981877565383911,71,4377
initiation,BIS,RP_latent_reset,30,-0.7418562769889832,-0.8426904082298279,-0.6416782736778259,71,4377
initiation,MAP,DHA,30,-0.12571030855178833,-0.24070869386196136,-0.027312034741044044,53,2963
initiation,MAP,DTA,30,-0.3008798658847809,-0.43759915232658386,-0.18168166279792786,53,2963
initiation,MAP,RP,30,1.177311897277832,0.9644121527671814,1.3980151414871216,53,2957
initiation,MAP,RP_latent_reset,30,-0.2384912073612213,-0.4602758288383484,-0.041784994304180145,53,2957
initiation,BIS,DHA,60,0.09250044822692871,0.023563597351312637,0.1658715307712555,71,4390
initiation,BIS,DTA,60,0.009037005715072155,-0.0636153593659401,0.08691013604402542,71,4390
initiation,BIS,RP,60,1.8234953880310059,1.5292012691497803,2.193791389465332,71,4380
initiation,BIS,RP_latent_reset,60,-1.1382042169570923,-1.3216859102249146,-0.9499441385269165,71,4380
initiation,MAP,DHA,60,-0.2038770467042923,-0.3568899631500244,-0.0663047656416893,53,2964
initiation,MAP,DTA,60,-0.4492073059082031,-0.682599663734436,-0.2540147006511688,53,2964
initiation,MAP,RP,60,2.0804193019866943,1.6669710874557495,2.5210630893707275,53,2958
initiation,MAP,RP_latent_reset,60,-0.3351057767868042,-0.7708373069763184,0.021512089297175407,53,2958
initiation,BIS,DHA,180,0.21458765864372253,0.08833960443735123,0.36605387926101685,71,4390
initiation,BIS,DTA,180,0.16369101405143738,0.018291248008608818,0.31320300698280334,71,4390
initiation,BIS,RP,180,2.7487308979034424,2.35040283203125,3.200124502182007,71,4377
initiation,BIS,RP_latent_reset,180,-1.9393460750579834,-2.401172637939453,-1.51874577999115,71,4377
initiation,MAP,DHA,180,-0.11215362697839737,-0.34483787417411804,0.12247120589017868,53,2951
initiation,MAP,DTA,180,-0.2895165979862213,-0.6530787348747253,0.033920448273420334,53,2951
initiation,MAP,RP,180,4.0625762939453125,3.3077759742736816,4.8526411056518555,53,2940
initiation,MAP,RP_latent_reset,180,-1.2366411685943604,-1.8726632595062256,-0.5954058766365051,53,2940
initiation,BIS,DHA,300,0.19009624421596527,0.014227778650820255,0.3702419102191925,71,4390
initiation,BIS,DTA,300,0.03838203474879265,-0.09023328870534897,0.17146383225917816,71,4390
initiation,BIS,RP,300,2.865567445755005,2.4739251136779785,3.320037603378296,71,4385
initiation,BIS,RP_latent_reset,300,-2.4275739192962646,-3.0262563228607178,-1.8630067110061646,71,4385
initiation,MAP,DHA,300,-0.27691471576690674,-0.536311686038971,-0.030268270522356033,53,2952
initiation,MAP,DTA,300,-0.3852446675300598,-0.6910205483436584,-0.09087496250867844,53,2952
initiation,MAP,RP,300,4.805946350097656,3.938169002532959,5.697689533233643,53,2942
initiation,MAP,RP_latent_reset,300,-2.427518844604492,-3.3043248653411865,-1.589921236038208,53,2942
increase,BIS,DHA,30,-0.0491337850689888,-0.13214103877544403,0.0128050921484828,67,3785
increase,BIS,DTA,30,-0.06990210711956024,-0.16980981826782227,0.004627612419426441,67,3785
increase,BIS,RP,30,1.1142877340316772,0.9592275023460388,1.2942370176315308,67,3778
increase,BIS,RP_latent_reset,30,-0.7487240433692932,-0.8957644104957581,-0.5708522796630859,67,3778
increase,MAP,DHA,30,-0.14786140620708466,-0.35690605640411377,-0.006603921763598919,50,2797
increase,MAP,DTA,30,-0.19537119567394257,-0.3594436049461365,-0.08361416310071945,50,2797
increase,MAP,RP,30,1.1765955686569214,0.9408726096153259,1.4232802391052246,50,2790
increase,MAP,RP_latent_reset,30,-0.7880966067314148,-1.656942367553711,-0.17643561959266663,50,2790
increase,BIS,DHA,60,-0.09973043203353882,-0.2426355481147766,0.009538962505757809,67,3785
increase,BIS,DTA,60,-0.08319796621799469,-0.20395761728286743,0.009779289364814758,67,3785
increase,BIS,RP,60,1.6216144561767578,1.3545818328857422,1.9843450784683228,67,3779
increase,BIS,RP_latent_reset,60,-1.0900205373764038,-1.3623433113098145,-0.7548364996910095,67,3779
increase,MAP,DHA,60,-0.13686242699623108,-0.3668341338634491,0.018184548243880272,50,2794
increase,MAP,DTA,60,-0.22946175932884216,-0.4915994703769684,-0.04990525171160698,50,2794
increase,MAP,RP,60,2.1366264820098877,1.7207865715026855,2.5662381649017334,50,2786
increase,MAP,RP_latent_reset,60,-1.185269832611084,-2.3197736740112305,-0.31869059801101685,50,2786
increase,BIS,DHA,180,0.13241972029209137,-0.012903588823974133,0.27807554602622986,67,3785
increase,BIS,DTA,180,0.08822114020586014,-0.0863322839140892,0.24051330983638763,67,3785
increase,BIS,RP,180,2.65598201751709,2.1590380668640137,3.1808838844299316,67,3783
increase,BIS,RP_latent_reset,180,-2.096888542175293,-2.6553966999053955,-1.639975666999817,67,3783
increase,MAP,DHA,180,-0.0029726498760282993,-0.22012197971343994,0.231856107711792,50,2793
increase,MAP,DTA,180,-0.10903481394052505,-0.3609173595905304,0.11811162531375885,50,2793
increase,MAP,RP,180,4.421848297119141,3.705470561981201,5.1940741539001465,50,2789
increase,MAP,RP_latent_reset,180,-2.3972485065460205,-3.7031288146972656,-1.3161367177963257,50,2789
increase,BIS,DHA,300,0.2029876559972763,-0.017109446227550507,0.4334632158279419,67,3785
increase,BIS,DTA,300,0.13875313103199005,-0.13051782548427582,0.4087972939014435,67,3785
increase,BIS,RP,300,3.089578866958618,2.5902493000030518,3.638293981552124,67,3780
increase,BIS,RP_latent_reset,300,-2.5447075366973877,-3.51790714263916,-1.7860312461853027,67,3780
increase,MAP,DHA,300,-0.19947458803653717,-0.46682730317115784,0.07464420050382614,50,2787
increase,MAP,DTA,300,-0.2500070631504059,-0.6088958978652954,0.11337889730930328,50,2787
increase,MAP,RP,300,5.0693511962890625,4.164718151092529,5.9874267578125,50,2784
increase,MAP,RP_latent_reset,300,-2.861492395401001,-4.030754089355469,-1.8560973405838013,50,2784
decrease,BIS,DHA,30,0.002373454626649618,-0.027231847867369652,0.029740851372480392,74,18081
decrease,BIS,DTA,30,-0.017118843272328377,-0.04087119922041893,0.005779366474598646,74,18081
decrease,BIS,RP,30,0.9890899658203125,0.9115890264511108,1.0696680545806885,74,18061
decrease,BIS,RP_latent_reset,30,-0.7573439478874207,-0.846251904964447,-0.6722473502159119,74,18061
decrease,MAP,DHA,30,0.014279669150710106,-0.019718753173947334,0.046283744275569916,56,13618
decrease,MAP,DTA,30,-0.027034971863031387,-0.07684889435768127,0.0225676242262125,56,13618
decrease,MAP,RP,30,1.0580552816390991,0.9094012379646301,1.212714672088623,56,13595
decrease,MAP,RP_latent_reset,30,-0.7628380656242371,-1.0037003755569458,-0.5414062738418579,56,13595
decrease,BIS,DHA,60,-0.009202792309224606,-0.046978630125522614,0.026888594031333923,74,18081
decrease,BIS,DTA,60,-0.01666569523513317,-0.048171449452638626,0.014081183820962906,74,18081
decrease,BIS,RP,60,1.4889740943908691,1.341590404510498,1.6444261074066162,74,18073
decrease,BIS,RP_latent_reset,60,-0.9799180030822754,-1.080833077430725,-0.877646803855896,74,18073
decrease,MAP,DHA,60,0.0010123848915100098,-0.04571599140763283,0.04932330176234245,56,13621
decrease,MAP,DTA,60,-0.10625693947076797,-0.1746901273727417,-0.03546327352523804,56,13621
decrease,MAP,RP,60,1.7929344177246094,1.570824146270752,2.014303684234619,56,13598
decrease,MAP,RP_latent_reset,60,-1.1287320852279663,-1.509369134902954,-0.7889925837516785,56,13598
decrease,BIS,DHA,180,0.00483518373221159,-0.06027642637491226,0.06452193856239319,74,18081
decrease,BIS,DTA,180,0.022680312395095825,-0.02786828577518463,0.07249826937913895,74,18081
decrease,BIS,RP,180,2.280435800552368,1.9936177730560303,2.599015951156616,74,18064
decrease,BIS,RP_latent_reset,180,-1.5153604745864868,-1.7119379043579102,-1.3386858701705933,74,18064
decrease,MAP,DHA,180,0.021286258473992348,-0.047593019902706146,0.08870424330234528,56,13646
decrease,MAP,DTA,180,-0.04267323762178421,-0.14103685319423676,0.04659273847937584,56,13646
decrease,MAP,RP,180,3.684316396713257,3.2851316928863525,4.120441436767578,56,13623
decrease,MAP,RP_latent_reset,180,-1.7102786302566528,-2.192239999771118,-1.2548531293869019,56,13623
decrease,BIS,DHA,300,0.06562573462724686,-0.013270572759211063,0.14283524453639984,74,18081
decrease,BIS,DTA,300,0.057722028344869614,-0.012309170328080654,0.12591643631458282,74,18081
decrease,BIS,RP,300,2.62571382522583,2.3082687854766846,3.0072829723358154,74,18061
decrease,BIS,RP_latent_reset,300,-1.7686961889266968,-2.0541586875915527,-1.5039714574813843,74,18061
decrease,MAP,DHA,300,0.08744079619646072,-0.02644830197095871,0.20359215140342712,56,13651
decrease,MAP,DTA,300,-0.04994286969304085,-0.18127353489398956,0.07523495703935623,56,13651
decrease,MAP,RP,300,4.500345706939697,4.036387920379639,4.9903154373168945,56,13628
decrease,MAP,RP_latent_reset,300,-1.9836235046386719,-2.504865884780884,-1.493011474609375,56,13628
stop,BIS,DHA,30,0.1458207666873932,0.015975667163729668,0.2783142924308777,35,683
stop,BIS,DTA,30,-0.0015755326021462679,-0.1613149493932724,0.16429847478866577,35,683
stop,BIS,RP,30,0.9100390076637268,0.42504769563674927,1.3998353481292725,35,681
stop,BIS,RP_latent_reset,30,-0.9146619439125061,-1.2012594938278198,-0.6296277046203613,35,681
stop,MAP,DHA,30,0.1163216084241867,-0.13166926801204681,0.3740139305591583,25,491
stop,MAP,DTA,30,-0.13834920525550842,-0.40468284487724304,0.1223229467868805,25,491
stop,MAP,RP,30,1.1796810626983643,0.7405375242233276,1.7014952898025513,25,491
stop,MAP,RP_latent_reset,30,-0.14575181901454926,-0.6679655909538269,0.23517070710659027,25,491
stop,BIS,DHA,60,0.20470692217350006,-0.13250543177127838,0.5971563458442688,35,683
stop,BIS,DTA,60,0.03964368626475334,-0.22978098690509796,0.27295002341270447,35,683
stop,BIS,RP,60,1.9680310487747192,1.3360085487365723,2.597238779067993,35,682
stop,BIS,RP_latent_reset,60,-1.3102034330368042,-1.860579490661621,-0.8048755526542664,35,682
stop,MAP,DHA,60,-0.00263219210319221,-0.4024055600166321,0.44201919436454773,25,488
stop,MAP,DTA,60,-0.1532464474439621,-0.44554316997528076,0.19157971441745758,25,488
stop,MAP,RP,60,1.8982638120651245,1.2716054916381836,2.675748109817505,25,488
stop,MAP,RP_latent_reset,60,-0.5119185447692871,-1.3046528100967407,0.09534373134374619,25,488
stop,BIS,DHA,180,0.02377033233642578,-0.5993434190750122,0.5296294689178467,35,683
stop,BIS,DTA,180,-0.23981840908527374,-0.6330907344818115,0.08170361816883087,35,683
stop,BIS,RP,180,2.3400585651397705,1.4766149520874023,3.1664328575134277,35,683
stop,BIS,RP_latent_reset,180,-3.914604425430298,-5.897289752960205,-2.333528995513916,35,683
stop,MAP,DHA,180,0.131360724568367,-0.42154863476753235,0.707239031791687,25,480
stop,MAP,DTA,180,0.06592622399330139,-0.3444499969482422,0.4668503403663635,25,480
stop,MAP,RP,180,3.826829195022583,2.4066078662872314,5.56731653213501,25,479
stop,MAP,RP_latent_reset,180,-1.7810052633285522,-3.133030652999878,-0.689924418926239,25,479
stop,BIS,DHA,300,-0.4316827952861786,-1.2676212787628174,0.310691773891449,35,683
stop,BIS,DTA,300,-0.3827416002750397,-0.9797326326370239,0.16772125661373138,35,683
stop,BIS,RP,300,4.21478796005249,2.742229700088501,5.917272090911865,35,683
stop,BIS,RP_latent_reset,300,-4.260193824768066,-6.5001115798950195,-2.363696336746216,35,683
stop,MAP,DHA,300,-0.03167446702718735,-0.4813128113746643,0.397443950176239,25,480
stop,MAP,DTA,300,-0.31920167803764343,-1.0182167291641235,0.28270068764686584,25,480
stop,MAP,RP,300,4.382791519165039,3.316378593444824,5.687119960784912,25,479
stop,MAP,RP_latent_reset,300,-1.7135037183761597,-4.055624485015869,0.26727649569511414,25,479
