model,epoch,train_loss,val_bis_mae,val_map_mae,seconds
Direct-MH,1,0.3025673554420471,3.948399784571623,5.518423768065626,7.661783456802368
Direct-MH,2,0.26451716775894163,3.90493054905152,5.396336769695572,14.777557373046875
Direct-MH,3,0.25586304154396056,3.935509746775569,5.332885601918855,21.794452667236328
Direct-MH,4,0.25406026010513305,3.865695909938598,5.320093363785534,28.866820096969604
Direct-MH,5,0.2500501076698303,3.933062827435229,5.2228993660540315,35.93875813484192
Direct-MH,6,0.24722632641792297,3.8526495912176966,5.240072352518376,43.033198595047
Direct-MH,7,0.2476982415676117,3.8445931254653454,5.199189000850101,49.88014078140259
Direct-MH,8,0.24491847882270812,3.8386472713387336,5.257461736909301,56.99437379837036
Direct-MH,9,0.24098184084892274,3.8231742632817802,5.2002571038872025,64.0532898902893
Direct-MH,10,0.24168465776443482,3.8339472927946874,5.163294388902941,71.26364088058472
Direct-MH,11,0.24026491575241088,3.830077305859699,5.166906830980528,78.52885007858276
Direct-MH,12,0.23803436851501464,3.8925158979485928,5.231721086753644,85.51793551445007
Direct-MH,13,0.24046011817455293,3.7988906465737626,5.146894825448235,92.64749002456665
Direct-MH,14,0.2378863905906677,3.8105995760939737,5.155901889816272,99.72789764404297
Direct-MH,15,0.23753267045021056,3.8299286825160928,5.143645044901579,106.85745811462402
Direct-MH,16,0.23677652649879455,3.817295339360439,5.150868904485787,113.98517107963562
Direct-MH,17,0.23463308696746826,3.8193888410780934,5.192486843045095,121.39571189880371
Direct-MH,18,0.23061906950473784,3.8257590835112247,5.176061085945697,128.96055841445923
