action_cluster,windows,blocks,patients,median_ppf_trajectory_json,median_rft_trajectory_json,median_ppf_total,median_rft_total,q90_ppf_total,q90_rft_total,high_rate_tail_fraction,ppf_initiation_fraction,ppf_increase_fraction,ppf_decrease_fraction,ppf_stop_fraction,ppf_q10_total,rft_initiation_fraction,rft_increase_fraction,rft_decrease_fraction,rft_stop_fraction,rft_q10_total
0,108060,5263,282,"[0.06026666238903999, 0.06028055399656296, 0.060350000858306885, 0.06037222221493721, 0.06038612127304077, 0.06038888543844223, 0.06036944314837456, 0.06034444645047188, 0.0603194460272789, 0.06029444932937622, 0.060259729623794556, 0.06022777408361435, 0.06020833179354668, 0.06019444391131401, 0.060172222554683685, 0.060155559331178665, 0.06013611704111099, 0.06011389568448067, 0.060088884085416794, 0.06006944924592972, 0.060043055564165115, 0.060030557215213776, 0.06001387909054756, 0.059994447976350784, 0.05998056009411812, 0.059974998235702515, 0.05995833873748779, 0.05995555594563484, 0.05998056009411812, 0.060038886964321136]","[0.08198333531618118, 0.08194167912006378, 0.08203055709600449, 0.08219583332538605, 0.08231945335865021, 0.08238472044467926, 0.08239027112722397, 0.0823916643857956, 0.08238333463668823, 0.08236944675445557, 0.08236388862133026, 0.08236110955476761, 0.08235277235507965, 0.08235277235507965, 0.08234304934740067, 0.08233055472373962, 0.08233055472373962, 0.08232499659061432, 0.08232222497463226, 0.08230416476726532, 0.08230000734329224, 0.08229444921016693, 0.08227916806936264, 0.08226250112056732, 0.08223610371351242, 0.082183338701725, 0.08211806416511536, 0.08201666176319122, 0.08192777633666992, 0.0818638801574707]",1.7987096309661863,2.4617085456848145,2.4836621284484863,3.631889343261719,0.0109846381639829,0.009846381639829723,0.010410882842865074,0.02839163427725338,0.0034610401628724784,1.418371558189392,0.0048491578752544885,0.018850638534147694,0.02997408846936887,0.003146400148065889,1.9361920356750488
1,19574,1770,288,"[0.04984722286462784, 0.05098055675625801, 0.05196111276745796, 0.0515027791261673, 0.051059722900390625, 0.050627775490283966, 0.05020277947187424, 0.05032361298799515, 0.050676386803388596, 0.05116388946771622, 0.05169583112001419, 0.05226805806159973, 0.0528888925909996, 0.05349583178758621, 0.05423610657453537, 0.05492916703224182, 0.055734723806381226, 0.05638888478279114, 0.05703750252723694, 0.05776805803179741, 0.05853194743394852, 0.059401385486125946, 0.060183335095644, 0.06081666797399521, 0.061190277338027954, 0.06140277534723282, 0.06208055466413498, 0.06315694749355316, 0.06533056497573853, 0.0678444430232048]","[0.06672777980566025, 0.06668472290039062, 0.06664861738681793, 0.06678472459316254, 0.0667986124753952, 0.06683750450611115, 0.06687223166227341, 0.06689999997615814, 0.06692777574062347, 0.06693889200687408, 0.06700971722602844, 0.06702777743339539, 0.06705833971500397, 0.06710555404424667, 0.06709027290344238, 0.06710555404424667, 0.06717777252197266, 0.06719721853733063, 0.06729999929666519, 0.06732500344514847, 0.06720972061157227, 0.06719166040420532, 0.06717777252197266, 0.06718611717224121, 0.06717499345541, 0.0671277716755867, 0.06715834140777588, 0.06719444692134857, 0.06714305281639099, 0.06668749451637268]",2.2540111541748047,2.089910984039306,3.457425832748413,3.48602032661438,0.991519362419536,0.18616532134464084,0.3839276591396751,0.06733421886175539,0.12450189026259324,1.482017159461975,0.06334934096250128,0.14120772453254318,0.07458874016552569,0.06917339327679575,1.0596364736557007
2,14440,1924,337,"[0.03486389294266701, 0.03385000303387642, 0.03315833583474159, 0.03246389329433441, 0.03172222152352333, 0.030948610976338387, 0.030076390132308006, 0.029266666620969772, 0.028094444423913956, 0.02707083337008953, 0.02622361108660698, 0.025180554017424583, 0.023925000801682472, 0.02193472348153591, 0.020588889718055725, 0.017984721809625626, 0.011584719642996788, 0.0, 0.0, 0.0, 0.0, 0.0, 0.0, 0.0, 0.0, 0.0, 0.0, 0.0, 0.0, 0.0]","[0.062195830047130585, 0.05950416997075081, 0.05588333308696747, 0.05470278114080429, 0.053445834666490555, 0.0525277778506279, 0.051911115646362305, 0.051451392471790314, 0.050615280866622925, 0.049615278840065, 0.048540279269218445, 0.046949997544288635, 0.04504583403468132, 0.04292638599872589, 0.04151805490255356, 0.04012083262205124, 0.038276392966508865, 0.036400001496076584, 0.03394027799367905, 0.03137499839067459, 0.027869444340467453, 0.024036111310124397, 0.015066666528582573, 0.0, 0.0, 0.0, 0.0, 0.0, 0.0, 0.0]",0.6406847238540649,1.2577791213989258,1.2482452392578125,2.293506860733032,0.2150277008310249,0.01592797783933518,0.0020083102493074793,0.02811634349030471,0.3397506925207756,0.0,0.08026315789473684,0.02631578947368421,0.10110803324099724,0.528185595567867,0.5677589178085327
3,18446,1645,298,"[0.04908333346247673, 0.04946666955947876, 0.04987221956253052, 0.04922221973538399, 0.048665277659893036, 0.04811805486679077, 0.047636110335588455, 0.04737500101327896, 0.047300003468990326, 0.047219447791576385, 0.04699905216693878, 0.04686250165104866, 0.04679305478930473, 0.046747222542762756, 0.04678194224834442, 0.046833336353302, 0.046945828944444656, 0.047043055295944214, 0.047127775847911835, 0.04733611270785332, 0.0475652776658535, 0.04803750291466713, 0.048497218638658524, 0.04912916570901871, 0.04968472197651863, 0.05009583383798599, 0.05039999634027481, 0.050697218626737595, 0.050922222435474396, 0.05093749612569809]","[0.06009167432785034, 0.060487501323223114, 0.06065555661916733, 0.06013333797454834, 0.05946666747331619, 0.05868472158908844, 0.058008331805467606, 0.05762360990047455, 0.05759444087743759, 0.05762777477502823, 0.05801111459732056, 0.05817222595214844, 0.058444440364837646, 0.058823615312576294, 0.05918194726109505, 0.05957221984863281, 0.05992499738931656, 0.060301393270492554, 0.060991667211055756, 0.06134999915957451, 0.06210694462060928, 0.06308194994926453, 0.06384861469268799, 0.06469166278839111, 0.06558749824762344, 0.06641250848770142, 0.06724166870117188, 0.06798611581325531, 0.0684402734041214, 0.06686665862798691]",1.5820515155792236,2.3258252143859863,2.4101457595825195,3.8726069927215576,0.7956196465358343,0.2115363764501789,0.20817521413856663,0.20410929198742275,0.14534316382955653,0.8909069299697876,0.2042177165781199,0.32272579421012687,0.19614008457118073,0.11726119483898949,1.2736722230911255
4,40488,2441,300,"[0.032722219824790955, 0.03267638757824898, 0.0326986163854599, 0.032656945288181305, 0.03263610973954201, 0.03262221813201904, 0.03261388838291168, 0.03259166702628136, 0.03257361054420471, 0.032548610121011734, 0.032508332282304764, 0.03248611092567444, 0.032447222620248795, 0.03241667151451111, 0.032386112958192825, 0.032330553978681564, 0.032305557280778885, 0.032286111265420914, 0.0322750024497509, 0.03225833177566528, 0.032265279442071915, 0.0322694405913353, 0.03228888660669327, 0.03231250122189522, 0.032358333468437195, 0.032402779906988144, 0.032458335161209106, 0.0324944444000721, 0.03253333643078804, 0.03247777745127678]","[0.0639694407582283, 0.0640638917684555, 0.06421388685703278, 0.0643666684627533, 0.06448610872030258, 0.06456111371517181, 0.06462498754262924, 0.06464028358459473, 0.0646388903260231, 0.06461666524410248, 0.06460555642843246, 0.06458194553852081, 0.06456944346427917, 0.06456944346427917, 0.06456667184829712, 0.06456667184829712, 0.06456111371517181, 0.06454305350780487, 0.0645444393157959, 0.06453195214271545, 0.06452083587646484, 0.06451944261789322, 0.06451666355133057, 0.06448472291231155, 0.06447361409664154, 0.06445833295583725, 0.0644555538892746, 0.06445277482271194, 0.0645083338022232, 0.06473611295223236]",0.958852767944336,1.9241111278533936,1.224370360374451,2.663281202316284,0.0208703813475597,0.0630310215372456,0.004371665678719621,0.04339557399723375,0.07651649871566885,0.3196974992752075,0.032231772377000596,0.025612527168543765,0.026452282157676348,0.007409602845287492,1.2846269607543945
5,40110,2965,323,"[0.05607222393155098, 0.056005556136369705, 0.05605972185730934, 0.05615416541695595, 0.05620277673006058, 0.05624861270189285, 0.056244440376758575, 0.056224994361400604, 0.05620833486318588, 0.05620000511407852, 0.05618332698941231, 0.056163888424634933, 0.05614166706800461, 0.056130550801754, 0.056111108511686325, 0.05609722062945366, 0.05606666952371597, 0.056034721434116364, 0.056025005877017975, 0.05599445104598999, 0.05596388503909111, 0.05593610927462578, 0.05590555816888809, 0.05585554987192154, 0.055819444358348846, 0.055755555629730225, 0.05573194473981857, 0.055702775716781616, 0.05566944554448128, 0.05566389113664627]","[0.06965000182390213, 0.07036110013723373, 0.07032638788223267, 0.06959305703639984, 0.06904305517673492, 0.06873749941587448, 0.06860416382551193, 0.06861944496631622, 0.06866805255413055, 0.06879166513681412, 0.06889166682958603, 0.06904584169387817, 0.06914722174406052, 0.06925833225250244, 0.06933055818080902, 0.0694916695356369, 0.06963610649108887, 0.06986110657453537, 0.07002639770507812, 0.07026110589504242, 0.0705583319067955, 0.07085832953453064, 0.07121944427490234, 0.07165833562612534, 0.07221665978431702, 0.07284028083086014, 0.07355694472789764, 0.07444582879543304, 0.07544860243797302, 0.07396389544010162]",1.6773110628128052,2.40767765045166,2.349894523620605,3.887685060501098,0.650112191473448,0.01356270256793817,0.012565445026178011,0.04106207928197457,0.022388431812515583,1.1783124208450317,0.17960608327100475,0.3336823734729494,0.21151832460732983,0.09942657691348791,1.490355372428894
6,3369,2269,325,"[0.05427222326397896, 0.054472219198942184, 0.05446944385766983, 0.05465277284383774, 0.05476944521069527, 0.054688889533281326, 0.054733335971832275, 0.054688889533281326, 0.054688889533281326, 0.054586105048656464, 0.05464721843600273, 0.05449444800615311, 0.054536111652851105, 0.054544441401958466, 0.054391663521528244, 0.05441110581159592, 0.05422777682542801, 0.054169438779354095, 0.05434722453355789, 0.05385277420282364, 0.05388055369257927, 0.05394444614648819, 0.05373889207839966, 0.05373889207839966, 0.05374167114496231, 0.05374167114496231, 0.05387222021818161, 0.054063886404037476, 0.05426666885614395, 0.05523055046796799]","[0.06187499687075615, 0.06386388838291168, 0.06625834107398987, 0.06819721311330795, 0.06892500072717667, 0.06906943768262863, 0.06918890029191971, 0.06900278478860855, 0.06940554827451706, 0.06968333572149277, 0.06882777810096741, 0.06865832209587097, 0.06901944428682327, 0.06919165700674057, 0.06915833055973053, 0.06901110708713531, 0.06889721006155014, 0.0682833343744278, 0.06702221184968948, 0.06595555692911148, 0.06469722092151642, 0.06283611059188843, 0.059388887137174606, 0.05621666833758354, 0.052605558186769485, 0.05035833269357681, 0.04760277643799782, 0.046844445168972015, 0.05543888732790947, 0.44430550932884216]",1.6961528062820437,2.690139055252075,2.574291706085205,4.667735576629639,0.8334817453250223,0.07153457999406353,0.07450281982784208,0.06411398040961709,0.09409320273078065,0.9527776837348938,0.11249628970020778,0.1641436628079549,0.06589492430988424,0.26001780943900266,1.5077598094940186
7,19287,1042,295,"[0.0, 0.0, 0.0, 0.0, 0.0, 0.0, 0.0, 0.0, 0.0, 0.0, 0.0, 0.0, 0.0, 0.0, 0.0, 0.0, 0.0, 0.0, 0.0, 0.0, 0.0, 0.0, 0.0, 0.0, 0.0, 0.0, 0.0, 0.0, 0.0, 0.0]","[0.0, 0.0, 0.0, 0.0, 0.0, 0.0, 0.0, 0.0, 0.0, 0.0, 0.0, 0.0, 0.0, 0.0, 0.0, 0.0, 0.0, 0.0, 0.0, 0.0, 0.0, 0.0, 0.0, 0.0, 0.0, 0.0, 0.0, 0.0, 0.0, 0.0]",0.0,0.0,0.3349872529506683,0.7387300729751587,0.0026442681599004,0.00020739358116866283,0.0,0.0,0.017939544771089336,0.0,0.012962098823041427,0.0009851195105511485,0.0,0.07948358998289003,0.0
8,10553,3093,331,"[0.07060833275318146, 0.06554722785949707, 0.05967777222394943, 0.05971945449709892, 0.05990277975797653, 0.06035277992486954, 0.061327774077653885, 0.061630554497241974, 0.061600007116794586, 0.06155000254511833, 0.06124443933367729, 0.06111111119389534, 0.060813892632722855, 0.060486115515232086, 0.06017500162124634, 0.05988888815045357, 0.05954722315073013, 0.05910832807421684, 0.05866944044828415, 0.05821111053228378, 0.05742499977350235, 0.05626388639211655, 0.054961107671260834, 0.053358327597379684, 0.051738888025283813, 0.049752771854400635, 0.04419444501399994, 0.0, 0.0, 0.0]","[0.06811388581991196, 0.06767499446868896, 0.06696388870477676, 0.0665888786315918, 0.0667250007390976, 0.06698888540267944, 0.06720833480358124, 0.06733055412769318, 0.0674833431839943, 0.06760001182556152, 0.06748056411743164, 0.06747223436832428, 0.06741944700479507, 0.06729166209697723, 0.06727500259876251, 0.06716112047433853, 0.0669444352388382, 0.06674721091985703, 0.0665888786315918, 0.06645277887582779, 0.0662805587053299, 0.06581944227218628, 0.06523611396551132, 0.06458055973052979, 0.06373611092567444, 0.06302221864461899, 0.06186944991350174, 0.06058889627456665, 0.05945833399891853, 0.05788888782262802]",1.6755168437957764,1.9779361486434937,2.529977560043335,3.24934983253479,0.3967592153889889,0.09286458826873875,0.03430304178906472,0.07201743580024637,0.4775893110963707,1.126794457435608,0.054202596418080166,0.05969866388704634,0.0960864209229603,0.1384440443475789,1.1061238050460815
9,96239,4886,319,"[0.05014999955892563, 0.050155557692050934, 0.050224997103214264, 0.050244443118572235, 0.05025554820895195, 0.05026944354176521, 0.05026944354176521, 0.05025000125169754, 0.050244443118572235, 0.05023888871073723, 0.050219446420669556, 0.05020277947187424, 0.05018610879778862, 0.050183333456516266, 0.05016111209988594, 0.05015277862548828, 0.05013611167669296, 0.050119441002607346, 0.05010833218693733, 0.05008611083030701, 0.05006111413240433, 0.05005277320742607, 0.05003611370921135, 0.05002778023481369, 0.05003611370921135, 0.05002778023481369, 0.05001944303512573, 0.05004166439175606, 0.05009167268872261, 0.05015277862548828]","[0.04560833424329758, 0.045516662299633026, 0.04557500034570694, 0.045677777379751205, 0.04574165865778923, 0.04580555483698845, 0.045827776193618774, 0.04582500457763672, 0.045808326452970505, 0.04578889161348343, 0.04575277864933014, 0.045722220093011856, 0.04569166526198387, 0.0456722192466259, 0.045641664415597916, 0.04561110958456993, 0.04556944966316223, 0.045516662299633026, 0.04545832797884941, 0.04540833458304405, 0.04534166306257248, 0.045269448310136795, 0.045186109840869904, 0.04508889093995094, 0.044991668313741684, 0.04488889127969742, 0.04478888958692551, 0.04468610882759094, 0.044572219252586365, 0.04439166560769081]",1.500977873802185,1.3467944860458374,2.001600980758667,1.7923187017440796,0.0100479015783622,0.013435301696817298,0.007564500878022423,0.01971134363407766,0.0073670757177443655,1.1396387815475464,0.022672721038248526,0.007637236463388024,0.01415226675256393,0.04230093828905122,0.8271349668502808
