condition,subset,quadrant,fraction,ci_low,ci_high,windows,patients
F,target,low_U_low_error,0.6365581827469773,0.5575418267310882,0.7063187790579496,4105,59
F,target,high_U_high_error,0.07913882495543234,0.04492219383290877,0.11942483877656633,4105,59
F,target,high_U_low_error,0.16657397059316834,0.11270487007441457,0.23130139441091255,4105,59
F,target,low_U_high_error,0.1177290217044219,0.08324618174207558,0.15566086032036455,4105,59
F,non_target,low_U_low_error,0.6350457569456579,0.5946971568518015,0.6744939281613477,79093,74
F,non_target,high_U_high_error,0.10459547740402048,0.08756983767479364,0.1241355063670661,79093,74
F,non_target,high_U_low_error,0.12438584452002774,0.1062181342848034,0.1441213086558959,79093,74
F,non_target,low_U_high_error,0.13597292113029397,0.1163572836450866,0.15657079964968773,79093,74
F,overall,low_U_low_error,0.6374371190098304,0.5983252586023075,0.674144410987442,83198,74
F,overall,high_U_high_error,0.10343638302771453,0.08670191007495341,0.12258705139059012,83198,74
F,overall,high_U_low_error,0.12303536352447596,0.10579895289383882,0.14184495641495987,83198,74
F,overall,low_U_high_error,0.13609113443797907,0.11588606601080866,0.15743359175025012,83198,74
F,target_non_tail,low_U_low_error,0.6928298434230492,0.6140213757185274,0.773732542568043,3267,59
F,target_non_tail,high_U_high_error,0.07035362540385698,0.03609134248927684,0.11132433119252577,3267,59
F,target_non_tail,high_U_low_error,0.14014312524564668,0.08610921020285099,0.20709371034978274,3267,59
F,target_non_tail,low_U_high_error,0.09667340592744729,0.06104217503715409,0.1353131921709934,3267,59
F,target_high_rate_tail,low_U_low_error,0.5214064392276653,0.4009608758024739,0.6414996411939199,838,38
F,target_high_rate_tail,high_U_high_error,0.14417885238610742,0.06396927330467414,0.2367975546050216,838,38
F,target_high_rate_tail,high_U_low_error,0.19101510514673067,0.10473645932914732,0.2831870771120824,838,38
F,target_high_rate_tail,low_U_high_error,0.14339960323949658,0.08150997578392064,0.21647691342352077,838,38
F,same_state_other_action,low_U_low_error,0.6088509570171075,0.5551345325043384,0.6580377539544002,34991,68
F,same_state_other_action,high_U_high_error,0.10288303516110023,0.07993700926305158,0.1286355986482954,34991,68
F,same_state_other_action,high_U_low_error,0.1560513378597442,0.12075358991777627,0.1957262683664621,34991,68
F,same_state_other_action,low_U_high_error,0.1322146699620482,0.10582267587297356,0.16312604559050228,34991,68
F,same_action_other_state,low_U_low_error,0.6686462133797579,0.6194890073324905,0.7155546749684869,38356,74
F,same_action_other_state,high_U_high_error,0.07123136609714675,0.05356450287207274,0.09255713665309918,38356,74
F,same_action_other_state,high_U_low_error,0.1242538823193026,0.1019452655185884,0.1482322799657475,38356,74
F,same_action_other_state,low_U_high_error,0.1358685382037927,0.11012714590877802,0.16636287359447552,38356,74
F,comparable_in_support,low_U_low_error,0.6558676067657014,0.6139896790851567,0.6967460597538153,58815,74
F,comparable_in_support,high_U_high_error,0.08737265938100543,0.07110394945556253,0.10568708600920991,58815,74
F,comparable_in_support,high_U_low_error,0.12352787585416891,0.1028980428488169,0.14679313049306458,58815,74
F,comparable_in_support,low_U_high_error,0.1332318579991242,0.11267255086793197,0.15720105228513365,58815,74
F,comparable_same_patients,low_U_low_error,0.6527776572853465,0.6017706569094361,0.6965894648093194,49671,59
F,comparable_same_patients,high_U_high_error,0.0912090859401516,0.07269888896049931,0.11329047477948051,49671,59
F,comparable_same_patients,high_U_low_error,0.13158509643117722,0.10730787711609073,0.15814012062328128,49671,59
F,comparable_same_patients,low_U_high_error,0.12442816034332473,0.10215399821210461,0.14926010857469424,49671,59
L,target,low_U_low_error,0.5491911235307987,0.48292833633875054,0.6156094458196395,4105,59
L,target,high_U_high_error,0.08767881020184447,0.060172389397927094,0.11993753184996367,4105,59
L,target,high_U_low_error,0.23706453127327093,0.174603043982594,0.3061555495111004,4105,59
L,target,low_U_high_error,0.12606553499408574,0.08513153255025252,0.16945402884759497,4105,59
L,non_target,low_U_low_error,0.6038840308608987,0.5664730591642206,0.6415921685020505,79093,74
L,non_target,high_U_high_error,0.10577907677396267,0.08644780733895552,0.12815890416915013,79093,74
L,non_target,high_U_low_error,0.1551154155235233,0.13343401738551366,0.17847613477349006,79093,74
L,non_target,low_U_high_error,0.13522147684161534,0.11614062867235332,0.156397634704945,79093,74
L,overall,low_U_low_error,0.6058927965817487,0.5691919743423959,0.6427320730737135,83198,74
L,overall,high_U_high_error,0.10486994069741272,0.08604261566526095,0.12662325389586915,83198,74
L,overall,high_U_low_error,0.15391001374605856,0.1325608485601218,0.1760124042479288,83198,74
L,overall,low_U_high_error,0.13532724897478,0.11614462736486707,0.15647506023659827,83198,74
L,target_non_tail,low_U_low_error,0.6001083402473771,0.5222891612823606,0.6821083380399255,3267,59
L,target_non_tail,high_U_high_error,0.06372092441828536,0.03557466370235361,0.09828263421182862,3267,59
L,target_non_tail,high_U_low_error,0.2248213172568519,0.1550115089460271,0.3011918494270634,3267,59
L,target_non_tail,low_U_high_error,0.1113494180774856,0.07013038708982429,0.15664723229423394,3267,59
L,target_high_rate_tail,low_U_low_error,0.456055827115316,0.35025850086566446,0.5597146959049664,838,38
L,target_high_rate_tail,high_U_high_error,0.13598955017350742,0.07656907092319905,0.20146490159454974,838,38
L,target_high_rate_tail,high_U_low_error,0.26012938999861995,0.1587882037434888,0.359797889504884,838,38
L,target_high_rate_tail,low_U_high_error,0.1478252327125566,0.07860394519383164,0.23282280906892577,838,38
L,same_state_other_action,low_U_low_error,0.5699844908363051,0.5164315886965177,0.6220016162940312,34991,68
L,same_state_other_action,high_U_high_error,0.12943003715769444,0.09788628069816449,0.16810976934704677,34991,68
L,same_state_other_action,high_U_low_error,0.1876138143966372,0.1488014727548172,0.22847275743948864,34991,68
L,same_state_other_action,low_U_high_error,0.11297165760936323,0.09146043246255046,0.13656252719681503,34991,68
L,same_action_other_state,low_U_low_error,0.6293458380587833,0.583814557762755,0.6745334718217443,38356,74
L,same_action_other_state,high_U_high_error,0.07647661385548213,0.055528997890900225,0.09861892955506688,38356,74
L,same_action_other_state,high_U_low_error,0.16033486459107288,0.13354497828817924,0.18746610181517287,38356,74
L,same_action_other_state,low_U_high_error,0.13384268349466177,0.11004310664122477,0.1620220851283087,38356,74
L,comparable_in_support,low_U_low_error,0.6216522167727369,0.5816851453610061,0.6623518353865857,58815,74
L,comparable_in_support,high_U_high_error,0.09118471489923313,0.07233741699973788,0.11203434778141985,58815,74
L,comparable_in_support,high_U_low_error,0.15714027678136316,0.13335289921572277,0.18235566450734947,58815,74
L,comparable_in_support,low_U_high_error,0.13002279154666682,0.11014396048478615,0.15193067175409483,58815,74
L,comparable_same_patients,low_U_low_error,0.6118689686034317,0.5621480263181582,0.6534990065543691,49671,59
L,comparable_same_patients,high_U_high_error,0.09400351391244122,0.07178810283343696,0.12063074567865645,49671,59
L,comparable_same_patients,high_U_low_error,0.1713172751735675,0.14280504288443352,0.20431920404384787,49671,59
L,comparable_same_patients,low_U_high_error,0.12281024231055958,0.10009211185368597,0.14598586620178777,49671,59
Z,target,low_U_low_error,0.6179606575230266,0.5376188396842878,0.6895012449018898,4105,59
Z,target,high_U_high_error,0.07378496972469203,0.045243607965743914,0.10607883125556938,4105,59
Z,target,high_U_low_error,0.1707431717393258,0.11868909336259555,0.2386854865762001,4105,59
Z,target,low_U_high_error,0.13751120101295544,0.09614318792401222,0.18023214133915938,4105,59
Z,non_target,low_U_low_error,0.6284700252152977,0.5844579895964986,0.6707964082914616,79093,74
Z,non_target,high_U_high_error,0.1051615935362857,0.08460814037571611,0.1295350434449889,79093,74
Z,non_target,high_U_low_error,0.1289105085692576,0.10932792491717583,0.15100409447006696,79093,74
Z,non_target,low_U_high_error,0.1374578726791591,0.11819167766830596,0.15716266534499534,79093,74
Z,overall,low_U_low_error,0.6298237166294585,0.585398430840921,0.6727694823840115,83198,74
Z,overall,high_U_high_error,0.10424120957459378,0.08400025372922573,0.12819942238129547,83198,74
Z,overall,high_U_low_error,0.12842088594821532,0.10844326223341362,0.15111366863184064,83198,74
Z,overall,low_U_high_error,0.13751418784773256,0.11830025226350983,0.15678112077075682,83198,74
Z,target_non_tail,low_U_low_error,0.6774899803759237,0.5955155171013315,0.7557837577405454,3267,59
Z,target_non_tail,high_U_high_error,0.060275029939672084,0.031007553685432027,0.09548136394314935,3267,59
Z,target_non_tail,high_U_low_error,0.14909486724120424,0.09413315380767356,0.21740776580313123,3267,59
Z,target_non_tail,low_U_high_error,0.11314012244319997,0.07169679422475929,0.15719197335975812,3267,59
Z,target_high_rate_tail,low_U_low_error,0.5165816451620131,0.39527010318276445,0.6382739483443324,838,38
Z,target_high_rate_tail,high_U_high_error,0.06970434181856466,0.02931296826163787,0.11810642834968448,838,38
Z,target_high_rate_tail,high_U_low_error,0.21059714826807988,0.12034919311096672,0.3080140484069965,838,38
Z,target_high_rate_tail,low_U_high_error,0.20311686475134236,0.11141161345656203,0.30627871997386064,838,38
Z,same_state_other_action,low_U_low_error,0.6080778984126282,0.549707740808641,0.6630615286561155,34991,68
Z,same_state_other_action,high_U_high_error,0.10820651804827727,0.0814384123789724,0.14318832719352953,34991,68
Z,same_state_other_action,high_U_low_error,0.14947972381550959,0.11431035013573211,0.1884215600813006,34991,68
Z,same_state_other_action,low_U_high_error,0.1342358597235851,0.10820685030364109,0.16333967757202514,34991,68
Z,same_action_other_state,low_U_low_error,0.659443566009059,0.6050975453760936,0.7068763264757678,38356,74
Z,same_action_other_state,high_U_high_error,0.07291818797222752,0.05160520726725984,0.09785408296732731,38356,74
Z,same_action_other_state,high_U_low_error,0.12946389802476924,0.10276674044677128,0.1619233433663909,38356,74
Z,same_action_other_state,low_U_high_error,0.1381743479939442,0.11333864139150894,0.16527890764576952,38356,74
Z,comparable_in_support,low_U_low_error,0.6489184667112159,0.6009236961081422,0.6945884354081754,58815,74
Z,comparable_in_support,high_U_high_error,0.08767828778120704,0.06836868961235491,0.11068525119167878,58815,74
Z,comparable_in_support,high_U_low_error,0.1290369585992326,0.10561697881518037,0.1594648893373801,58815,74
Z,comparable_in_support,low_U_high_error,0.1343662869083445,0.1147107100515468,0.15632151436681177,58815,74
Z,comparable_same_patients,low_U_low_error,0.6419059268814027,0.5863340465923814,0.6907474490317794,49671,59
Z,comparable_same_patients,high_U_high_error,0.09269941408424226,0.07013871245553645,0.12086596879420587,49671,59
Z,comparable_same_patients,high_U_low_error,0.1399839266276871,0.11190749201139263,0.17425267534939567,49671,59
Z,comparable_same_patients,low_U_high_error,0.1254107324066678,0.10338767998881575,0.1495946063754167,49671,59
R,target,low_U_low_error,0.6003187723567185,0.5272326247957037,0.6714867471270627,4105,59
R,target,high_U_high_error,0.08266260330984974,0.05157307455090466,0.11840051179906608,4105,59
R,target,high_U_low_error,0.19311632666743703,0.13948043517770536,0.25876418202835366,4105,59
R,target,low_U_high_error,0.12390229766599478,0.08429057852063646,0.1661839727814517,4105,59
R,non_target,low_U_low_error,0.6035594360947125,0.5638448449270538,0.6433981952088762,79093,74
R,non_target,high_U_high_error,0.10491173808244274,0.08683848490157085,0.1256379902752268,79093,74
R,non_target,high_U_low_error,0.1563845884964206,0.13503754746765342,0.17840271138098532,79093,74
R,non_target,low_U_high_error,0.13514423732642422,0.11609235748370146,0.15652952462855907,79093,74
R,overall,low_U_low_error,0.6062041324847331,0.5674134715431397,0.6451731184799269,83198,74
R,overall,high_U_high_error,0.10428268898709067,0.0866193485679462,0.12469485469604705,83198,74
R,overall,high_U_low_error,0.15423260851035164,0.13307546843448817,0.1753398466248651,83198,74
R,overall,low_U_high_error,0.1352805700178244,0.11578112854213657,0.1564468201821243,83198,74
R,target_non_tail,low_U_low_error,0.6347888471221363,0.5504189643229214,0.7140220101257216,3267,59
R,target_non_tail,high_U_high_error,0.06387561882106255,0.034360129194154494,0.09632593542054692,3267,59
R,target_non_tail,high_U_low_error,0.1892631512593692,0.1294746230954119,0.2622195862716776,3267,59
R,target_non_tail,low_U_high_error,0.11207238279743197,0.06731379188575472,0.162460162152324,3267,59
R,target_high_rate_tail,low_U_low_error,0.5658856141852732,0.4614616051869205,0.6789155691319863,838,38
R,target_high_rate_tail,high_U_high_error,0.12549558490804186,0.06066116736723269,0.19782842217249047,838,38
R,target_high_rate_tail,high_U_low_error,0.16485852222671724,0.08918042523895817,0.2422530027585436,838,38
R,target_high_rate_tail,low_U_high_error,0.14376027867996766,0.07482984731651825,0.21974441893231217,838,38
R,same_state_other_action,low_U_low_error,0.5913795870259407,0.5351977870041347,0.6402167693535479,34991,68
R,same_state_other_action,high_U_high_error,0.11563813736891802,0.08554018766207962,0.15250190200280833,34991,68
R,same_state_other_action,high_U_low_error,0.16996166774919402,0.13420450601297487,0.20945261031070914,34991,68
R,same_state_other_action,low_U_high_error,0.12302060785594711,0.10019237197625692,0.14908913802301246,34991,68
R,same_action_other_state,low_U_low_error,0.6456834398049368,0.596289352452738,0.6904296581328293,38356,74
R,same_action_other_state,high_U_high_error,0.07450791845023089,0.05477466846937457,0.09685327481562458,38356,74
R,same_action_other_state,high_U_low_error,0.14700493758342228,0.12408056000579792,0.17115527584446574,38356,74
R,same_action_other_state,low_U_high_error,0.13280370416141007,0.1093297745445967,0.15978196774305733,38356,74
R,comparable_in_support,low_U_low_error,0.6279792314350932,0.58724297357916,0.6685241155443344,58815,74
R,comparable_in_support,high_U_high_error,0.09086415457742246,0.07325710054149186,0.11099503651961026,58815,74
R,comparable_in_support,high_U_low_error,0.15249974092296628,0.128567753057032,0.17675284661601878,58815,74
R,comparable_in_support,low_U_high_error,0.12865687306451806,0.10827080037428408,0.15110325640240663,58815,74
R,comparable_same_patients,low_U_low_error,0.6243304267874931,0.5714887417211869,0.666197157818524,49671,59
R,comparable_same_patients,high_U_high_error,0.0927072467641132,0.0721650277505851,0.11729126347863211,49671,59
R,comparable_same_patients,high_U_low_error,0.16016317477895697,0.133663010316786,0.19038175682217778,49671,59
R,comparable_same_patients,low_U_high_error,0.12279915166943682,0.09992202064432608,0.14760894212287778,49671,59
