comparison,subset,metric,difference,ci_low,ci_high,bootstrap_replicates,patients,target_patients,comparable_patients
low_minus_full,target,error,-0.018053485080599785,-0.0813048928976059,0.04103050380945206,1000,59,,
low_minus_full,target,uncertainty,-0.11406003683805466,-0.28042808175086975,0.0122227743268013,1000,59,,
low_minus_full,target,calibration_residual,-0.11812230199575424,-0.25959381461143494,0.03813100978732109,1000,59,,
low_minus_full,target,confidently_wrong,0.008336513289663831,-0.01641817942687239,0.0334992554131451,1000,59,,
low_minus_full,target_non_tail,error,-0.040899910032749176,-0.10213790833950043,0.010000986978411674,1000,59,,
low_minus_full,target_non_tail,uncertainty,-0.11855863779783249,-0.24795733392238617,-0.019148705527186394,1000,59,,
low_minus_full,target_non_tail,calibration_residual,-0.10861290246248245,-0.22356988489627838,0.02613053284585476,1000,59,,
low_minus_full,target_non_tail,confidently_wrong,0.014676012150038295,-0.012493835918811043,0.04290637252774358,1000,59,,
low_minus_full,target_high_rate_tail,error,-0.0012565042125061154,-0.12162134051322937,0.12763260304927826,1000,38,,
low_minus_full,target_high_rate_tail,uncertainty,-0.07758323103189468,-0.4043431282043457,0.16539593040943146,1000,38,,
low_minus_full,target_high_rate_tail,calibration_residual,-0.18867813050746918,-0.4468640387058258,0.12732887268066406,1000,38,,
low_minus_full,target_high_rate_tail,confidently_wrong,0.004425629473060028,-0.046890802891194634,0.05746523924943421,1000,38,,
low_minus_full,non_target,error,-0.006187728140503168,-0.0281031783670187,0.01392459124326706,1000,74,,
low_minus_full,non_target,uncertainty,-0.11772610992193222,-0.19318607449531555,-0.05749071016907692,1000,74,,
low_minus_full,non_target,calibration_residual,-0.08617231249809265,-0.14566880464553833,-0.028870856389403343,1000,74,,
low_minus_full,non_target,confidently_wrong,-0.000751444288678604,-0.007733250032769189,0.006890171305294813,1000,74,,
low_minus_full,overall,error,-0.006887368392199278,-0.028282418847084045,0.013006177730858326,1000,74,,
low_minus_full,overall,uncertainty,-0.11762982606887817,-0.19356459379196167,-0.058476682752370834,1000,74,,
low_minus_full,overall,calibration_residual,-0.08553970605134964,-0.14577355980873108,-0.02702704817056656,1000,74,,
low_minus_full,overall,confidently_wrong,-0.0007638854631990439,-0.00788113112169029,0.006844510080446539,1000,74,,
low_minus_full,comparable_in_support,error,-0.00980887096375227,-0.032139938324689865,0.010722748935222626,1000,74,,
low_minus_full,comparable_in_support,uncertainty,-0.08997315168380737,-0.14849914610385895,-0.03846947103738785,1000,74,,
low_minus_full,comparable_in_support,calibration_residual,-0.10471867024898529,-0.1632091999053955,-0.04487701877951622,1000,74,,
low_minus_full,comparable_in_support,confidently_wrong,-0.003209066452457356,-0.009497670187423713,0.003528117381615332,1000,74,,
L,target_minus_comparable,SCG,-0.08618973940610886,-0.3655813216152838,0.16730551987381306,1000,59,59.0,59.0
F,target_minus_comparable,SCG,-0.08897513151168823,-0.38236851166870633,0.17668558581400726,1000,59,59.0,59.0
low_minus_full,target,AUROC,-0.07671089975943868,-0.1559375882396775,0.011429866952065226,1000,59,,
low_minus_full,target,AUPRC,-0.02271034864137006,-0.11091288876450915,0.05909839698671782,1000,59,,
zero_minus_full,target,error,0.006094049662351608,-0.0480453297495842,0.058079466223716736,1000,59,,
zero_minus_full,target,uncertainty,-0.07345596700906754,-0.21938219666481018,0.04713736101984978,1000,59,,
zero_minus_full,target,calibration_residual,-0.04979034513235092,-0.1788652241230011,0.09407810121774673,1000,59,,
zero_minus_full,target,confidently_wrong,0.019782179308533526,0.002565475968837952,0.03910561103759404,1000,59,,
zero_minus_full,target_non_tail,error,-0.013069404289126396,-0.07078459858894348,0.03714745119214058,1000,59,,
zero_minus_full,target_non_tail,uncertainty,-0.08625500649213791,-0.2129579335451126,0.008551232516765594,1000,59,,
zero_minus_full,target_non_tail,calibration_residual,-0.04179750010371208,-0.15633414685726166,0.07764653116464615,1000,59,,
zero_minus_full,target_non_tail,confidently_wrong,0.016466716515752666,-0.0022149885152829003,0.039987188828524416,1000,59,,
zero_minus_full,target_high_rate_tail,error,0.00917473528534174,-0.10151208937168121,0.14521056413650513,1000,38,,
zero_minus_full,target_high_rate_tail,uncertainty,-0.022852228954434395,-0.2942322790622711,0.2857568562030792,1000,38,,
zero_minus_full,target_high_rate_tail,calibration_residual,-0.08772890269756317,-0.3868471682071686,0.21575096249580383,1000,38,,
zero_minus_full,target_high_rate_tail,confidently_wrong,0.059717261511845775,-0.0010713939079585472,0.13219515261138048,1000,38,,
zero_minus_full,non_target,error,0.0018083368195220828,-0.016428867354989052,0.020168619230389595,1000,74,,
zero_minus_full,non_target,uncertainty,-0.08987399935722351,-0.16110920906066895,-0.03750088810920715,1000,74,,
zero_minus_full,non_target,calibration_residual,-0.05012144148349762,-0.10179045051336288,0.002788930432870984,1000,74,,
zero_minus_full,non_target,confidently_wrong,0.0014849515488651172,-0.007076956639481284,0.009371429155883414,1000,74,,
zero_minus_full,overall,error,0.001497543533332646,-0.016373658552765846,0.019933488219976425,1000,74,,
zero_minus_full,overall,uncertainty,-0.09011070430278778,-0.16178162395954132,-0.038210175931453705,1000,74,,
zero_minus_full,overall,calibration_residual,-0.04981117695569992,-0.10277955234050751,0.004711438436061144,1000,74,,
zero_minus_full,overall,confidently_wrong,0.001423053409753482,-0.006913596398395982,0.009229318790376358,1000,74,,
zero_minus_full,comparable_in_support,error,-0.002276324201375246,-0.022522583603858948,0.01710779219865799,1000,74,,
zero_minus_full,comparable_in_support,uncertainty,-0.055715613067150116,-0.10853271931409836,-0.009477857500314713,1000,74,,
zero_minus_full,comparable_in_support,calibration_residual,-0.0716671273112297,-0.12678596377372742,-0.012992321513593197,1000,74,,
zero_minus_full,comparable_in_support,confidently_wrong,0.0011344289092203102,-0.00982460654513941,0.010524103496744357,1000,74,,
Z,target_minus_comparable,SCG,-0.07034997642040253,-0.3409883347608275,0.18994443063008581,1000,59,59.0,59.0
F,target_minus_comparable,SCG,-0.08897513151168823,-0.38236851166870633,0.17668558581400726,1000,59,59.0,59.0
zero_minus_full,target,AUROC,-0.03899669618629986,-0.11724290155919495,0.04479589817925102,1000,59,,
zero_minus_full,target,AUPRC,-0.02873691996177058,-0.10562568461280053,0.042292794309109115,1000,59,,
random_minus_full,target,error,0.009459772147238255,-0.04387807101011276,0.06261225044727325,1000,59,,
random_minus_full,target,uncertainty,-0.0655137449502945,-0.1809435933828354,0.022439010441303253,1000,59,,
random_minus_full,target,calibration_residual,-0.009707808494567871,-0.12017498165369034,0.10464347898960114,1000,59,,
random_minus_full,target,confidently_wrong,0.006173275961572869,-0.020876643600645662,0.03296495122366763,1000,59,,
random_minus_full,target_non_tail,error,-0.009133079089224339,-0.0674368366599083,0.03995397314429283,1000,59,,
random_minus_full,target_non_tail,uncertainty,-0.027223167940974236,-0.128274068236351,0.054443005472421646,1000,59,,
random_minus_full,target_non_tail,calibration_residual,-0.06357527524232864,-0.16611164808273315,0.05256494879722595,1000,59,,
random_minus_full,target_non_tail,confidently_wrong,0.015398976869984654,-0.008382998701271427,0.04408577327628992,1000,59,,
random_minus_full,target_high_rate_tail,error,0.0344674251973629,-0.04487800970673561,0.14644263684749603,1000,38,,
random_minus_full,target_high_rate_tail,uncertainty,-0.09556573629379272,-0.3083103895187378,0.0615568533539772,1000,38,,
random_minus_full,target_high_rate_tail,calibration_residual,0.004052496049553156,-0.1920522302389145,0.20085753500461578,1000,38,,
random_minus_full,target_high_rate_tail,confidently_wrong,0.0003606754404710956,-0.07198005874907401,0.07446779716992567,1000,38,,
random_minus_full,non_target,error,-0.006266601383686066,-0.022789888083934784,0.011884225532412529,1000,74,,
random_minus_full,non_target,uncertainty,-0.04389284551143646,-0.12055022269487381,0.01803680881857872,1000,74,,
random_minus_full,non_target,calibration_residual,-0.0836949273943901,-0.14587989449501038,-0.023910652846097946,1000,74,,
random_minus_full,non_target,confidently_wrong,-0.0008286838038697227,-0.007853373404565557,0.006265518921552132,1000,74,,
random_minus_full,overall,error,-0.0050852857530117035,-0.021395308896899223,0.012930083088576794,1000,74,,
random_minus_full,overall,uncertainty,-0.04475364461541176,-0.12078573554754257,0.017214130610227585,1000,74,,
random_minus_full,overall,calibration_residual,-0.07981488108634949,-0.14200574159622192,-0.019818929955363274,1000,74,,
random_minus_full,overall,confidently_wrong,-0.0008105644201546644,-0.007891461532975744,0.006527796934194998,1000,74,,
random_minus_full,comparable_in_support,error,-0.014111185446381569,-0.034710854291915894,0.007571576163172722,1000,74,,
random_minus_full,comparable_in_support,uncertainty,-0.02699708566069603,-0.08164668828248978,0.021015070378780365,1000,74,,
random_minus_full,comparable_in_support,calibration_residual,-0.09000084549188614,-0.15341192483901978,-0.028431134298443794,1000,74,,
random_minus_full,comparable_in_support,confidently_wrong,-0.004574984934606128,-0.015131941564000011,0.005681228483281154,1000,74,,
R,target_minus_comparable,SCG,-0.02173447236418724,-0.3267481622049364,0.24912304352905784,1000,59,59.0,59.0
F,target_minus_comparable,SCG,-0.08897513151168823,-0.38236851166870633,0.17668558581400726,1000,59,59.0,59.0
random_minus_full,target,AUROC,-0.029010076778759886,-0.1065633267572664,0.0536640789166177,1000,59,,
random_minus_full,target,AUPRC,0.015192399666974554,-0.05916544601368539,0.07117233837960257,1000,59,,
zero_minus_random,target,error,-0.0033657217863947153,-0.03382085636258125,0.02669571153819561,1000,59,,
zero_minus_random,target,uncertainty,-0.007942214608192444,-0.08538725227117538,0.0821457952260971,1000,59,,
zero_minus_random,target,calibration_residual,-0.040082547813653946,-0.17306339740753174,0.08590327203273773,1000,59,,
zero_minus_random,target,confidently_wrong,0.013608903346960655,-0.005234102856560312,0.035107352542519524,1000,59,,
zero_minus_random,target_non_tail,error,-0.003936329856514931,-0.0408548004925251,0.03116653673350811,1000,59,,
zero_minus_random,target_non_tail,uncertainty,-0.05903184041380882,-0.12978364527225494,0.009358588606119156,1000,59,,
zero_minus_random,target_non_tail,calibration_residual,0.021777775138616562,-0.10455293953418732,0.14704486727714539,1000,59,,
zero_minus_random,target_non_tail,confidently_wrong,0.0010677396457680188,-0.014835490281648489,0.018470635405648923,1000,59,,
zero_minus_random,target_high_rate_tail,error,-0.025292688980698586,-0.08533374220132828,0.03359942138195038,1000,38,,
zero_minus_random,target_high_rate_tail,uncertainty,0.07271349430084229,-0.10999491065740585,0.3456761837005615,1000,38,,
zero_minus_random,target_high_rate_tail,calibration_residual,-0.09178140014410019,-0.3661637008190155,0.14874166250228882,1000,38,,
zero_minus_random,target_high_rate_tail,confidently_wrong,0.05935658607137468,0.00523878286780901,0.12942826173828012,1000,38,,
zero_minus_random,non_target,error,0.00807494018226862,-0.005018989089876413,0.020086564123630524,1000,74,,
zero_minus_random,non_target,uncertainty,-0.04598115384578705,-0.08236423879861832,-0.011420214548707008,1000,74,,
zero_minus_random,non_target,calibration_residual,0.03357347846031189,-0.02851964719593525,0.1017894372344017,1000,74,,
zero_minus_random,non_target,confidently_wrong,0.0023136353527348393,-0.00716849402883885,0.011452567191281062,1000,74,,
zero_minus_random,overall,error,0.006582829635590315,-0.006379222497344017,0.01825905032455921,1000,74,,
zero_minus_random,overall,uncertainty,-0.04535705968737602,-0.08180048316717148,-0.011471307836472988,1000,74,,
zero_minus_random,overall,calibration_residual,0.030003702268004417,-0.03354497626423836,0.09757522493600845,1000,74,,
zero_minus_random,overall,confidently_wrong,0.0022336178299081455,-0.0071435097522851215,0.01118106489430455,1000,74,,
zero_minus_random,comparable_in_support,error,0.01183486171066761,-0.00334011553786695,0.02657788060605526,1000,74,,
zero_minus_random,comparable_in_support,uncertainty,-0.028718523681163788,-0.07330511510372162,0.013676142320036888,1000,74,,
zero_minus_random,comparable_in_support,calibration_residual,0.018333707004785538,-0.052899669855833054,0.09084691107273102,1000,74,,
zero_minus_random,comparable_in_support,confidently_wrong,0.005709413843826438,-0.004792444321998412,0.015166693792470941,1000,74,,
Z,target_minus_comparable,SCG,-0.07034997642040253,-0.3409883347608275,0.18994443063008581,1000,59,59.0,59.0
R,target_minus_comparable,SCG,-0.02173447236418724,-0.3267481622049364,0.24912304352905784,1000,59,59.0,59.0
zero_minus_random,target,AUROC,-0.009986619407539976,-0.08119751964823857,0.06092691407855048,1000,59,,
zero_minus_random,target,AUPRC,-0.043929319628745134,-0.10623324672587596,0.03443734372607488,1000,59,,
zero_minus_full,target_minus_comparable,SCG,0.018625158816576004,-0.10647054016590118,0.14489814639091492,1000,59,,
zero_minus_random,target_minus_comparable,SCG,-0.048615507781505585,-0.18230317533016205,0.07782848179340363,1000,59,,
low_minus_full,target_minus_comparable,SCG,0.0027854214422404766,-0.12522993981838226,0.15516555309295654,1000,59,,
