state_cluster,windows,blocks,patients,median_BIS,median_HR,median_MAP,median_age,female_fraction,median_weight_kg,median_height_cm,median_BIS_change_5min,median_HR_change_5min,median_MAP_change_5min
0,25092,1774,213,26.5,66.0,76.0,58.0,0.44432488083839417,65.69999694824219,164.8000030517578,-1.5999984741210938,0.0,-1.0
1,47706,2764,249,38.0,74.0,98.0,59.0,0.3176330029964447,63.099998474121094,164.6999969482422,-0.3999977111816406,0.0,1.0
2,40515,2584,212,44.400001525878906,79.0,68.0,68.0,0.16443292796611786,63.400001525878906,167.6999969482422,0.20000076293945312,0.0,-1.0
3,49918,2856,183,39.0,60.0,78.0,65.0,0.06554749608039856,65.69999694824219,167.8000030517578,0.0,0.0,-1.0
4,13294,1473,217,41.400001525878906,82.0,81.0,64.0,0.33120205998420715,60.70000076293945,165.5,0.3999977111816406,6.0,0.0
5,23478,1725,200,52.900001525878906,86.0,89.0,61.0,0.3949654996395111,59.599998474121094,164.60000610351562,2.700000762939453,0.0,2.0
6,24301,1791,266,59.59999847412109,65.0,77.0,58.0,0.6689436435699463,58.29999923706055,159.89999389648438,5.0,0.0,1.0
7,37097,2145,180,38.5,61.0,71.0,62.0,0.9194005131721497,54.20000076293945,156.5,-0.20000076293945312,-1.0,-1.0
8,36108,2307,185,43.09999847412109,67.0,89.0,59.0,0.9739946722984314,54.29999923706055,155.5,0.09999847412109375,0.0,0.0
9,6000,863,223,41.79999923706055,73.0,102.0,61.0,0.42250001430511475,60.70000076293945,163.0,0.6000022888183594,0.0,14.0
10,35967,2074,161,39.29999923706055,92.0,78.0,57.0,0.28417715430259705,63.400001525878906,165.5,-0.40000152587890625,0.0,-1.0
11,31090,2382,197,47.20000076293945,64.0,86.0,64.0,0.040559664368629456,65.0999984741211,168.10000610351562,2.1000022888183594,0.0,1.0
