condition,subset,bis_mae_full,mae_ci_low,mae_ci_high,bis_rmse_full,ensemble_variance,predicted_risk,calibration_residual,windows,patients
F,target,4.027557849884033,3.728739023208618,4.346410751342773,5.416863931829655,0.49933913350105286,4.066740989685059,-0.03918285667896271,4105,59
F,non_target,4.245358467102051,4.038027286529541,4.464532852172852,5.848517283803247,0.5338910818099976,4.0412983894348145,0.2040596604347229,79093,74
F,overall,4.242215156555176,4.034250736236572,4.458326816558838,5.842685867767842,0.5311983227729797,4.039032936096191,0.203182190656662,83198,74
F,target_non_tail,3.718536853790283,3.3592050075531006,4.082295894622803,5.065414343377329,0.4476749002933502,3.9954140186309814,-0.27687692642211914,3267,59
F,target_high_rate_tail,4.519029140472412,3.9938607215881348,5.073734283447266,6.0443295979029745,0.5635536313056946,4.159130096435547,0.35989826917648315,838,38
F,same_state_other_action,4.2806396484375,4.034697532653809,4.530674457550049,5.86568150195882,0.7127441763877869,4.14033842086792,0.14030124247074127,34991,68
F,same_action_other_state,3.963552951812744,3.7447097301483154,4.203299045562744,5.365053599464042,0.4338057339191437,3.9633359909057617,0.00021706662664655596,38356,74
F,comparable_in_support,4.0999603271484375,3.9049389362335205,4.297842025756836,5.577408944980705,0.48107537627220154,3.9928300380706787,0.10712990164756775,58815,74
F,comparable_same_patients,4.07326078414917,3.865553855895996,4.305576801300049,5.577074138912601,0.5125828981399536,4.023468494415283,0.049792274832725525,49671,59
L,target,4.009504795074463,3.6957602500915527,4.355101585388184,5.449936248686409,0.3852790594100952,4.166809558868408,-0.15730518102645874,4105,59
L,non_target,4.239170551300049,4.022847652435303,4.463656425476074,5.857684326397643,0.41616499423980713,4.121283054351807,0.11788735538721085,79093,74
L,overall,4.235327243804932,4.019538879394531,4.463082790374756,5.850846332071427,0.4135684370994568,4.117684841156006,0.11764247715473175,83198,74
L,target_non_tail,3.6776371002197266,3.3068580627441406,4.048696994781494,5.034446506477838,0.32911622524261475,4.063127040863037,-0.385489821434021,3267,59
L,target_high_rate_tail,4.517772197723389,3.950761079788208,5.126182556152344,6.130914751661344,0.4859703481197357,4.346551895141602,0.17122015357017517,838,38
L,same_state_other_action,4.2955193519592285,4.0197367668151855,4.5786638259887695,5.904494574716902,0.548937976360321,4.280138969421387,0.0153803750872612,34991,68
L,same_action_other_state,3.9640886783599854,3.7411043643951416,4.213890552520752,5.375679150634495,0.37265104055404663,4.057999134063721,-0.09391041100025177,38356,74
L,comparable_in_support,4.090150833129883,3.890803575515747,4.292980670928955,5.582508064124112,0.39110225439071655,4.087739944458008,0.0024112446699291468,58815,74
L,comparable_same_patients,4.067697525024414,3.8552732467651367,4.3155975341796875,5.593006446904233,0.4201750159263611,4.138813495635986,-0.07111544162034988,49671,59
Z,target,4.033652305603027,3.7262394428253174,4.367044448852539,5.463453769128311,0.4258832037448883,4.122625350952148,-0.08897320926189423,4105,59
Z,non_target,4.247166156768799,4.035067558288574,4.469771862030029,5.854118084507972,0.44401705265045166,4.093227863311768,0.15393821895122528,79093,74
Z,overall,4.243712425231934,4.030459403991699,4.468514919281006,5.847990241797952,0.4410875737667084,4.090341567993164,0.15337102115154266,83198,74
Z,target_non_tail,3.705467700958252,3.345355272293091,4.075232982635498,5.052737583650411,0.3614199459552765,4.024142265319824,-0.3186744749546051,3267,59
Z,target_high_rate_tail,4.52820348739624,3.9744882583618164,5.128739833831787,6.135521396159773,0.5407013297080994,4.256033420562744,0.27216944098472595,838,38
Z,same_state_other_action,4.317020893096924,4.0435099601745605,4.6029953956604,5.918893350317409,0.5349692702293396,4.181301116943359,0.13572067022323608,34991,68
Z,same_action_other_state,3.9688241481781006,3.7453725337982178,4.22093391418457,5.376194311127165,0.39733922481536865,4.021998882293701,-0.05317480489611626,38356,74
Z,comparable_in_support,4.097683429718018,3.898909091949463,4.2966742515563965,5.581800601537309,0.4253598153591156,4.062220573425293,0.03546277806162834,58815,74
Z,comparable_same_patients,4.077566146850586,3.8703863620758057,4.32040548324585,5.594226156246407,0.4499104917049408,4.096189498901367,-0.0186232328414917,49671,59
R,target,4.037017822265625,3.716489315032959,4.385488986968994,5.475031095790957,0.43382537364959717,4.085908889770508,-0.048890672624111176,4105,59
R,non_target,4.239091396331787,4.028329372406006,4.460389614105225,5.838757345643728,0.4899982810020447,4.118727207183838,0.1203647181391716,79093,74
R,overall,4.2371296882629395,4.026795864105225,4.45686674118042,5.835122333672687,0.4864445626735687,4.113762378692627,0.12336733192205429,83198,74
R,target_non_tail,3.7094035148620605,3.3436412811279297,4.091264724731445,5.074889293647049,0.42045173048973083,4.049856185913086,-0.3404521942138672,3267,59
R,target_high_rate_tail,4.55349588394165,4.001126766204834,5.156632900238037,6.164868823014848,0.4679878056049347,4.189545631408691,0.36395081877708435,838,38
R,same_state_other_action,4.304569721221924,4.030064105987549,4.599215984344482,5.896539688482692,0.5504324436187744,4.199461936950684,0.10510825365781784,34991,68
R,same_action_other_state,3.9556522369384766,3.7375504970550537,4.2034711837768555,5.3550164207684015,0.4369674324989319,4.036704063415527,-0.08105219900608063,38356,74
R,comparable_in_support,4.085848331451416,3.8900623321533203,4.287149429321289,5.559606935617342,0.4540783762931824,4.068719863891602,0.017129063606262207,58815,74
R,comparable_same_patients,4.066781997680664,3.8485870361328125,4.312478542327881,5.574401809691213,0.4712335765361786,4.09393835067749,-0.027156200259923935,49671,59
