condition,seed,epoch,train_loss,val_trainlike_bis_mae,val_trainlike_map_mae,seconds
R,0,1,0.3611928696155548,4.132256009889623,6.535188228952228,19.86029577255249
R,0,2,0.3088074421405792,4.024070352285645,6.029779941638677,39.24314856529236
R,0,3,0.2751271641731262,3.95067079420586,5.683340845759521,54.7567663192749
R,0,4,0.2677473440170288,3.9584237027559173,5.664467941761697,70.48545503616333
R,0,5,0.2649178659677506,3.9361568705801226,5.629778255751486,87.39344692230225
R,0,6,0.26288052411079404,4.007864726570094,5.569376728563415,106.597088098526
R,0,7,0.25800902557373045,3.942310553351242,5.548388175455289,126.37573027610779
R,0,8,0.2571913594007492,3.9366039132494044,5.504473951349952,145.82312774658203
R,0,9,0.255618582868576,3.951358657634861,5.511733632010469,164.30272221565247
R,0,10,0.25425796709060666,3.940606244211463,5.4618834766972295,183.84757018089294
