audit,representation,target,horizon_seconds,alpha,val_r2,n_train_windows,n_val_windows,r2,mae,pearson,patients,windows
ce_reference,z_t,PPF_CE,0,0.1,0.8478080816436466,370566,79574,0.7774302023253042,0.2514494088436462,0.8822628584407822,74,83198
ce_reference,dz_pred,PPF_CE,30,0.1,0.49892343513400894,370566,79574,0.501052437562241,0.023317041502380953,0.7081242887900598,74,83198
ce_reference,dz_true,PPF_CE,30,0.1,0.6275466678676803,370566,79574,0.627711122484788,0.019910766455685992,0.7923508762180725,74,83198
ce_reference,dz_pred,PPF_CE,60,0.1,0.5747636263086806,370566,79574,0.5755411903408969,0.041103433303711134,0.7587366403081622,74,83198
ce_reference,dz_true,PPF_CE,60,0.1,0.690488011256464,370566,79574,0.6767520482144409,0.035416090697348634,0.8226703003002047,74,83198
ce_reference,dz_pred,PPF_CE,180,0.1,0.6560317543678786,370562,79574,0.6563585833187,0.09053300627033445,0.81029250429263,74,83198
ce_reference,dz_true,PPF_CE,180,0.1,0.7706740715974477,370562,79574,0.7320391835165176,0.07721913700548323,0.8558834774292962,74,83198
ce_reference,dz_pred,PPF_CE,300,0.1,0.6982743944530204,370545,79574,0.6916041726600091,0.12131369664009237,0.8323703095038825,74,83198
ce_reference,dz_true,PPF_CE,300,10.0,0.8094380767418589,370545,79574,0.7648609144391939,0.10152593684773492,0.8752195706313343,74,83198
ce_reference,z_t,RFTN_CE,0,0.1,0.9196988517941599,370548,79574,0.9111181873426548,0.29305271989942955,0.9550444822879978,74,83198
ce_reference,dz_pred,RFTN_CE,30,1000.0,0.312821955319742,370542,79574,0.3285923272947233,0.04166011481763117,0.573743941234689,74,83198
ce_reference,dz_true,RFTN_CE,30,1000.0,0.5220114900030819,370542,79574,0.4933639052998029,0.0340888022199646,0.7028121552389395,74,83198
ce_reference,dz_pred,RFTN_CE,60,1000.0,0.3860931964159905,370538,79574,0.38957555277265177,0.07663468892882064,0.6248413113041628,74,83198
ce_reference,dz_true,RFTN_CE,60,1000.0,0.5778451662395234,370538,79574,0.5672404809029108,0.0612292964834597,0.7537080516216064,74,83198
ce_reference,dz_pred,RFTN_CE,180,10.0,0.5275592829065867,370535,79574,0.5085191553006636,0.17394053146088717,0.7147738130456787,74,83198
ce_reference,dz_true,RFTN_CE,180,1000.0,0.6770220175821146,370535,79574,0.6716311050922218,0.13862571977160726,0.8206283638633342,74,83198
ce_reference,dz_pred,RFTN_CE,300,10.0,0.5797553997789622,370530,79574,0.5715889062004855,0.23613395674074503,0.7573993450364068,74,83198
ce_reference,dz_true,RFTN_CE,300,1000.0,0.7397454365469518,370530,79574,0.7290783281053972,0.18572134616090913,0.8549732786533535,74,83198
