representation,target,r2_30s,r2_60s,r2_180s,r2_300s
z_t,ΔBIS,0.2026458070642081,0.2513626298068115,0.3293369718410931,0.3548276858696919
z_t,ΔMAP,0.1072685315027626,0.1131937318279395,0.1110479841328784,0.1135333734856939
z_t,ΔHR,0.3176538629908157,0.3566020081001437,0.3536390965046371,0.3546073031591958
z_t+action,ΔBIS,0.2046332356460753,0.2570088112619074,0.3348995809437172,0.3632518166981824
z_t+action,ΔMAP,0.1073530634943014,0.1133502090729706,0.112470786822907,0.1150009795693647
z_t+action,ΔHR,0.3185780936983319,0.3594266626867295,0.3659994415097034,0.3678401572811066
dz_pred,ΔBIS,0.1981083548209233,0.2524740779482233,0.3358422410962184,0.3735323016923808
dz_pred,ΔMAP,0.0315598148828332,0.0418715205972854,0.0668537821236667,0.0829964341125978
dz_pred,ΔHR,0.2351906040862357,0.284914482053922,0.3403297127146117,0.3558119501121614
dz_true,ΔBIS,0.980288690441828,0.9783363266292374,0.9782642895962256,0.9786064236167014
dz_true,ΔMAP,0.6583882882295159,0.6271535836332078,0.6055801616395265,0.6190767944963862
dz_true,ΔHR,0.97728217288484,0.9776984072837328,0.9762530606398596,0.9763702728482174
