representation,phys_distance_midpoint,latent_distance_median,pairs
dz_pred,0.5079541206359863,9.991262435913086,673
dz_pred,0.8244109749794006,9.843219757080078,671
dz_pred,1.0709268450737,9.875592231750488,672
dz_pred,1.3028793931007385,10.092008590698242,672
dz_pred,1.5584612488746643,10.078254699707031,672
dz_pred,1.828703224658966,10.469727516174316,672
dz_pred,2.1406322717666626,10.88493537902832,672
dz_pred,2.575955867767334,10.74696397781372,672
dz_pred,3.2141202688217163,11.447672367095947,672
dz_pred,4.825978755950928,11.767066478729248,672
dz_true,0.5079541206359863,6.045901775360107,673
dz_true,0.8244109749794006,6.724747657775879,671
dz_true,1.0709268450737,7.536998271942139,672
dz_true,1.3028793931007385,7.803120851516724,672
dz_true,1.5584612488746643,8.744264125823975,672
dz_true,1.828703224658966,9.626063346862793,672
dz_true,2.1406322717666626,10.704001903533936,672
dz_true,2.575955867767334,11.752861976623535,672
dz_true,3.2141202688217163,13.744719505310059,672
dz_true,4.825978755950928,16.042662620544434,672
