subset,representation,target,horizon_seconds,category,cosine,ci_low,ci_high,patients,pairs
overall,dz_pred,BIS,30,same,0.7192901164813488,0.7045343544169302,0.7333142516146799,74,2220
overall,dz_pred,BIS,30,adjacent,0.7298235637207121,0.7163076175455116,0.7432984978388493,74,2220
overall,dz_pred,BIS,30,opposite,0.7069752356205573,0.6947464484094034,0.7201341570213405,74,1825
overall,dz_pred,BIS,30,random,0.7281402381418088,0.7138479085153215,0.7411671868165711,74,2220
overall,dz_pred,BIS,30,same_minus_opposite,0.012314880860791473,0.0013042485719418633,0.023256952275572295,74,74
overall,dz_pred,MAP,30,same,0.7239887535043463,0.7094180432514934,0.7374822693486563,74,2220
overall,dz_pred,MAP,30,adjacent,0.7282636965075423,0.715367494385442,0.7412735830569694,74,2220
overall,dz_pred,MAP,30,opposite,0.7281524732704735,0.7148000132209656,0.7409453694308219,74,2220
overall,dz_pred,MAP,30,random,0.7324614260664528,0.7190547665978598,0.7457712712589241,74,2220
overall,dz_pred,MAP,30,same_minus_opposite,-0.004163719766127235,-0.013454857512129692,0.005367943617391508,74,74
overall,dz_true,BIS,30,same,0.44435333519427284,0.424360320180149,0.46347462331026645,74,2220
overall,dz_true,BIS,30,adjacent,0.32185157923225044,0.30601732248143054,0.3388848077863306,74,2220
overall,dz_true,BIS,30,opposite,-0.5568138614415407,-0.5712474867171118,-0.5420505344297755,74,1825
overall,dz_true,BIS,30,random,0.013015228225472006,-0.008564606248495496,0.03824032909479118,74,2220
overall,dz_true,BIS,30,same_minus_opposite,1.0011671966358135,0.9723928668716414,1.0282533428509988,74,74
overall,dz_true,MAP,30,same,0.022447097548577297,0.0034449551984256635,0.040944473309419326,74,2220
overall,dz_true,MAP,30,adjacent,0.008693157263972736,-0.010669780390207058,0.0287191616837145,74,2220
overall,dz_true,MAP,30,opposite,-0.0022821814912530724,-0.022548348009827555,0.017600830034352834,74,2220
overall,dz_true,MAP,30,random,0.004864685960231466,-0.015039897168176839,0.025498390421449597,74,2220
overall,dz_true,MAP,30,same_minus_opposite,0.024729279039830368,-0.0031549235716722243,0.051763416387314846,74,74
overall,dz_pred,BIS,60,same,0.7305001124118764,0.7183451902893211,0.7431645482530614,74,2220
overall,dz_pred,BIS,60,adjacent,0.7338651880110103,0.7193629009389687,0.748389738756253,74,2220
overall,dz_pred,BIS,60,opposite,0.7187168578854156,0.704957720888345,0.7329253723276188,74,1791
overall,dz_pred,BIS,60,random,0.7269216344305859,0.7142678832815884,0.740257839420286,74,2220
overall,dz_pred,BIS,60,same_minus_opposite,0.01178325452646086,0.0020638181072993493,0.02037424890521957,74,74
overall,dz_pred,MAP,60,same,0.728382467573324,0.7151366741579605,0.7403455446767077,74,2220
overall,dz_pred,MAP,60,adjacent,0.7233923293138342,0.7100339417196266,0.7362643493981698,74,2220
overall,dz_pred,MAP,60,opposite,0.7279983945073443,0.7147826443215295,0.74114965220649,74,2220
overall,dz_pred,MAP,60,random,0.7243349276592131,0.7098105735975309,0.7369284694857459,74,2220
overall,dz_pred,MAP,60,same_minus_opposite,0.0003840730659797905,-0.007233219714709439,0.008367405190124166,74,74
overall,dz_true,BIS,60,same,0.3815462961142698,0.3638961043908588,0.39965776709424383,74,2220
overall,dz_true,BIS,60,adjacent,0.268788122063553,0.25312271372365835,0.28389550712582573,74,2220
overall,dz_true,BIS,60,opposite,-0.49322876662859055,-0.5083042317423246,-0.47927628867272093,74,1791
overall,dz_true,BIS,60,random,0.002807637551581269,-0.02000333317776781,0.024460640793859217,74,2220
overall,dz_true,BIS,60,same_minus_opposite,0.8747750627428603,0.8512947018355398,0.9008848528642923,74,74
overall,dz_true,MAP,60,same,0.002619396270407984,-0.014257436319621938,0.019940142092719222,74,2220
overall,dz_true,MAP,60,adjacent,0.0017137023460891867,-0.019089892965024082,0.021637890575294222,74,2220
overall,dz_true,MAP,60,opposite,-0.0032772883051284778,-0.02159721316040812,0.015654812212697825,74,2220
overall,dz_true,MAP,60,random,0.007014120026567097,-0.014187186441210154,0.026286174733535724,74,2220
overall,dz_true,MAP,60,same_minus_opposite,0.005896684575536466,-0.020747744444315108,0.03250536477741752,74,74
overall,dz_pred,BIS,180,same,0.7214797703956195,0.7091915119369829,0.7339233462702952,74,2220
overall,dz_pred,BIS,180,adjacent,0.7230354080211607,0.7088802292822179,0.7368112660422166,74,2220
overall,dz_pred,BIS,180,opposite,0.7004995578085633,0.6883668482821989,0.712353718502529,74,1821
overall,dz_pred,BIS,180,random,0.7163955775945372,0.7034235720175763,0.728587135027104,74,2220
overall,dz_pred,BIS,180,same_minus_opposite,0.02098021258705627,0.011045586311600348,0.030397245157234343,74,74
overall,dz_pred,MAP,180,same,0.7266405166118399,0.7142122031224741,0.7378921260965805,74,2220
overall,dz_pred,MAP,180,adjacent,0.7248070096941077,0.7114841964141139,0.7374661537419442,74,2220
overall,dz_pred,MAP,180,opposite,0.7199823383788303,0.7088711270479584,0.730775947782902,74,1830
overall,dz_pred,MAP,180,random,0.7261588273620283,0.7145477579039866,0.737469980810341,74,2220
overall,dz_pred,MAP,180,same_minus_opposite,0.006658178233009425,-0.0013090536335411223,0.014091924690682463,74,74
stable_action_Q1,dz_pred,BIS,180,same,0.6861230725916821,0.6643107025578079,0.7078302738530421,74,859
stable_action_Q1,dz_pred,BIS,180,adjacent,0.6787702464299337,0.6545920907785806,0.7025201429089208,74,859
stable_action_Q1,dz_pred,BIS,180,opposite,0.6521091385515032,0.6283817837784036,0.6758392766751596,74,693
stable_action_Q1,dz_pred,BIS,180,random,0.6535895386868408,0.6315702641642774,0.6762780401042143,74,859
stable_action_Q1,dz_pred,BIS,180,same_minus_opposite,0.03401393404017885,0.01568915487801427,0.052831745228658474,74,74
stable_action_Q1,dz_pred,MAP,180,same,0.6562894710023445,0.6320594920689068,0.6817222006577067,74,859
stable_action_Q1,dz_pred,MAP,180,adjacent,0.6555828900441453,0.631946522495966,0.6793795769558593,74,859
stable_action_Q1,dz_pred,MAP,180,opposite,0.6528389715603312,0.6285179937872343,0.6785523371745771,74,712
stable_action_Q1,dz_pred,MAP,180,random,0.6675378697199155,0.6445442657661593,0.6887925314830143,74,859
stable_action_Q1,dz_pred,MAP,180,same_minus_opposite,0.003450499442013177,-0.02156121986372728,0.02763825519978668,74,74
Q4,dz_pred,BIS,180,same,0.7235264807545184,0.7089623247488267,0.7380307198742295,74,888
Q4,dz_pred,BIS,180,adjacent,0.7152404235340319,0.7015657095509154,0.7301275685200936,74,888
Q4,dz_pred,BIS,180,opposite,0.6962323110811504,0.6837887135043814,0.7086844804525616,74,716
Q4,dz_pred,BIS,180,random,0.712827805857602,0.6991190482170095,0.7265696719137801,74,888
Q4,dz_pred,BIS,180,same_minus_opposite,0.02729416967336818,0.013773036864775323,0.04053108045929011,74,74
Q4,dz_pred,MAP,180,same,0.711910754987584,0.6961318809272689,0.726893928801213,74,888
Q4,dz_pred,MAP,180,adjacent,0.7151869038489085,0.6983266085094714,0.7313335583933319,74,888
Q4,dz_pred,MAP,180,opposite,0.7069571850619863,0.6919000004479108,0.7219926055856934,74,770
Q4,dz_pred,MAP,180,random,0.7063088333779559,0.6904682846373861,0.7221244659425841,74,888
Q4,dz_pred,MAP,180,same_minus_opposite,0.004953569925597686,-0.010177489715053493,0.019361638652465055,74,74
upcoming_large_intervention,dz_pred,BIS,180,same,0.724608137800887,0.7097799719615446,0.7384448552141302,74,888
upcoming_large_intervention,dz_pred,BIS,180,adjacent,0.7117236743068641,0.6968005170909318,0.7268725012573791,74,888
upcoming_large_intervention,dz_pred,BIS,180,opposite,0.7029069021069884,0.6881256445444441,0.7171685219612868,74,733
upcoming_large_intervention,dz_pred,BIS,180,random,0.7173511018338908,0.7005885621260113,0.7337712351079644,74,888
upcoming_large_intervention,dz_pred,BIS,180,same_minus_opposite,0.021701235693898417,0.008737746487687579,0.034081924074347,74,74
upcoming_large_intervention,dz_pred,MAP,180,same,0.7084616337659525,0.6929181194058744,0.7238808018828717,74,888
upcoming_large_intervention,dz_pred,MAP,180,adjacent,0.7241077876255454,0.7094374837548899,0.7393037698017685,74,888
upcoming_large_intervention,dz_pred,MAP,180,opposite,0.7251526111532621,0.710211053915885,0.7398959147052321,74,739
upcoming_large_intervention,dz_pred,MAP,180,random,0.7147736941959272,0.6988617446017661,0.7304259089144735,74,888
upcoming_large_intervention,dz_pred,MAP,180,same_minus_opposite,-0.01669097738730954,-0.03242644182714954,-0.0024250729632223195,74,74
initiation,dz_pred,BIS,180,same,0.7049482964600128,0.6851411281414813,0.7229175210786118,71,852
initiation,dz_pred,BIS,180,adjacent,0.7000797204935636,0.6790791734845373,0.7186596547096024,71,852
initiation,dz_pred,BIS,180,opposite,0.6715759508560085,0.6529249734885796,0.6904214941264032,71,713
initiation,dz_pred,BIS,180,random,0.6982848138544062,0.6787412709012156,0.7148991361190454,71,852
initiation,dz_pred,BIS,180,same_minus_opposite,0.03337234560400399,0.01818325851054694,0.047400865728492995,71,71
initiation,dz_pred,MAP,180,same,0.6860037569891116,0.6672389431080151,0.7045244697150701,71,849
initiation,dz_pred,MAP,180,adjacent,0.6860419480240579,0.664069972652763,0.7062105296434442,71,849
initiation,dz_pred,MAP,180,opposite,0.6804442573300362,0.6602232586184844,0.6988643597220614,71,695
initiation,dz_pred,MAP,180,random,0.6797948439578902,0.6563862289392262,0.7010749577616595,71,849
initiation,dz_pred,MAP,180,same_minus_opposite,0.005559499659075536,-0.01162323055221484,0.021977477842437535,71,71
increase,dz_pred,BIS,180,same,0.6965185674034047,0.6801970495187227,0.7117492143185208,67,789
increase,dz_pred,BIS,180,adjacent,0.6825371063010115,0.6619531652796241,0.7005907249519877,67,789
increase,dz_pred,BIS,180,opposite,0.6676294206900787,0.6475136755855133,0.6867945089613086,67,657
increase,dz_pred,BIS,180,random,0.6774940975933995,0.6611849511091971,0.6954746768625134,67,789
increase,dz_pred,BIS,180,same_minus_opposite,0.02888914671332602,0.013537500286371412,0.043101147204169944,67,67
increase,dz_pred,MAP,180,same,0.6879501977672029,0.6683409510187409,0.7059435070473511,66,778
increase,dz_pred,MAP,180,adjacent,0.6834263483006512,0.6655227786270981,0.7024501072848486,66,778
increase,dz_pred,MAP,180,opposite,0.6832035984288981,0.6638321622383989,0.7005836225850194,66,674
increase,dz_pred,MAP,180,random,0.6815785852548524,0.6635241000132991,0.6991200971629506,66,778
increase,dz_pred,MAP,180,same_minus_opposite,0.004746599338304962,-0.011948421071692385,0.021317084038143398,66,66
decrease,dz_pred,BIS,180,same,0.7367350060559875,0.7240207665708956,0.7501800221139313,74,888
decrease,dz_pred,BIS,180,adjacent,0.726845367115226,0.7127087200628928,0.7407746792019992,74,888
decrease,dz_pred,BIS,180,opposite,0.7126945172878969,0.6958065545880853,0.7283837683894894,74,733
decrease,dz_pred,BIS,180,random,0.7272022885840957,0.712547787747908,0.7404307364448401,74,888
decrease,dz_pred,BIS,180,same_minus_opposite,0.02404048876809074,0.010813806335647396,0.03848449288443922,74,74
decrease,dz_pred,MAP,180,same,0.7328392991225595,0.7195933631199688,0.746096107444877,74,888
decrease,dz_pred,MAP,180,adjacent,0.7401636747458764,0.727211499146211,0.7532678458273312,74,888
decrease,dz_pred,MAP,180,opposite,0.7290831396679996,0.7156383967086692,0.7417950705577163,74,746
decrease,dz_pred,MAP,180,random,0.7313727446798203,0.7181398299220647,0.744549796166767,74,888
decrease,dz_pred,MAP,180,same_minus_opposite,0.0037561594545600075,-0.00872867047924662,0.01570967707139892,74,74
stop,dz_pred,BIS,180,same,0.6667649077702643,0.6359536661822244,0.698350484876507,35,350
stop,dz_pred,BIS,180,adjacent,0.6633627317006153,0.6240673373191071,0.6967730906320411,35,350
stop,dz_pred,BIS,180,opposite,0.6559202137805399,0.6220360106596712,0.6916073557768639,35,301
stop,dz_pred,BIS,180,random,0.6572585038149776,0.6303193032003965,0.6850558308098389,35,350
stop,dz_pred,BIS,180,same_minus_opposite,0.010844693989724303,-0.031097136057044762,0.0439703140446766,35,35
stop,dz_pred,MAP,180,same,0.6660703451550948,0.6326971492455815,0.6982143711836801,34,341
stop,dz_pred,MAP,180,adjacent,0.6707111342520523,0.6379712885605687,0.7024245654704547,34,341
stop,dz_pred,MAP,180,opposite,0.6634786677002205,0.6326003958270792,0.6934082908016297,34,281
stop,dz_pred,MAP,180,random,0.646890764891837,0.6114650371361499,0.6762839591449751,34,341
stop,dz_pred,MAP,180,same_minus_opposite,0.0025916774548743766,-0.022009779443725164,0.029294270478805905,34,34
overall,dz_true,BIS,180,same,0.30324822662666706,0.2867712053914895,0.3220061012178341,74,2220
overall,dz_true,BIS,180,adjacent,0.222209815282232,0.2090346691812869,0.23587116782471684,74,2220
overall,dz_true,BIS,180,opposite,-0.39585851683669643,-0.4132599014543475,-0.3782613609077438,74,1821
overall,dz_true,BIS,180,random,0.008719657852339585,-0.00907439359459556,0.025483468508091963,74,2220
overall,dz_true,BIS,180,same_minus_opposite,0.6991067434633635,0.6682801313838374,0.7291508239902758,74,74
overall,dz_true,MAP,180,same,0.012281130759154556,-0.0044006335859025445,0.02748983168709175,74,2220
overall,dz_true,MAP,180,adjacent,0.0050525882000288175,-0.011755221785803386,0.021992398490080486,74,2220
overall,dz_true,MAP,180,opposite,-0.004314243742712329,-0.023857606696651844,0.01617728583424977,74,1830
overall,dz_true,MAP,180,random,0.01231496251767149,-0.00806538442170734,0.03291690698766089,74,2220
overall,dz_true,MAP,180,same_minus_opposite,0.016595374501866888,-0.007458829742880252,0.040264448377994456,74,74
stable_action_Q1,dz_true,BIS,180,same,0.34927027435000557,0.32408543568137504,0.37590255274974876,74,859
stable_action_Q1,dz_true,BIS,180,adjacent,0.23969163289665216,0.21532015205157332,0.2649140992626174,74,859
stable_action_Q1,dz_true,BIS,180,opposite,-0.421951500727718,-0.4483846896097047,-0.39756131432819036,74,693
stable_action_Q1,dz_true,BIS,180,random,-0.005074063119583897,-0.03599262315462347,0.026788010345921733,74,859
stable_action_Q1,dz_true,BIS,180,same_minus_opposite,0.7712217750777236,0.7333704637928518,0.8065617358472583,74,74
stable_action_Q1,dz_true,MAP,180,same,0.004824714049788669,-0.030294038265641775,0.039042109354986365,74,859
stable_action_Q1,dz_true,MAP,180,adjacent,0.012535960913241995,-0.013824725012033417,0.039439106202474164,74,859
stable_action_Q1,dz_true,MAP,180,opposite,-0.005816595009319791,-0.036919089999085906,0.026324333980137126,74,712
stable_action_Q1,dz_true,MAP,180,random,0.00862444662252271,-0.020499021860809385,0.035617985822395365,74,859
stable_action_Q1,dz_true,MAP,180,same_minus_opposite,0.010641309059108463,-0.046694042274505854,0.06374524004983327,74,74
Q4,dz_true,BIS,180,same,0.23926938698954275,0.2189518294757576,0.2612178868370294,74,888
Q4,dz_true,BIS,180,adjacent,0.15253025986231145,0.13419169661656352,0.17058677089569443,74,888
Q4,dz_true,BIS,180,opposite,-0.28279989109167136,-0.30222080520400024,-0.26324274330116465,74,716
Q4,dz_true,BIS,180,random,0.016674399795430204,-0.002987775476418668,0.03894962083190671,74,888
Q4,dz_true,BIS,180,same_minus_opposite,0.5220692780812141,0.4935011404688724,0.5530663326387745,74,74
Q4,dz_true,MAP,180,same,0.010705601094659789,-0.018409818211708825,0.036535066608360506,74,888
Q4,dz_true,MAP,180,adjacent,0.012450985092384455,-0.012515947625601058,0.03701137968465928,74,888
Q4,dz_true,MAP,180,opposite,-0.019739752709145308,-0.04678487633053362,0.0055380172100264816,74,770
Q4,dz_true,MAP,180,random,0.030279597893634158,0.010035446425323028,0.05158203705046159,74,888
Q4,dz_true,MAP,180,same_minus_opposite,0.0304453538038051,-0.004632917857926178,0.06282502001581006,74,74
upcoming_large_intervention,dz_true,BIS,180,same,0.23743256354633185,0.21493673905956265,0.25967386374103224,74,888
upcoming_large_intervention,dz_true,BIS,180,adjacent,0.16984594735811961,0.14852921354646276,0.19191631679145224,74,888
upcoming_large_intervention,dz_true,BIS,180,opposite,-0.2923606120237972,-0.31249555306887344,-0.27133681255828945,74,733
upcoming_large_intervention,dz_true,BIS,180,random,0.016827109082064983,-0.007673305678307205,0.03994217337154246,74,888
upcoming_large_intervention,dz_true,BIS,180,same_minus_opposite,0.529793175570129,0.4964349632755556,0.5628096558080895,74,74
upcoming_large_intervention,dz_true,MAP,180,same,0.03781735650284702,0.014970451323231595,0.06048906473104678,74,888
upcoming_large_intervention,dz_true,MAP,180,adjacent,0.03214659754329503,0.009473363593061298,0.05641465428110151,74,888
upcoming_large_intervention,dz_true,MAP,180,opposite,0.008291822929914481,-0.02177586798701969,0.03796741586916607,74,739
upcoming_large_intervention,dz_true,MAP,180,random,-0.005106177233444811,-0.02667095298663323,0.015228949467937866,74,888
upcoming_large_intervention,dz_true,MAP,180,same_minus_opposite,0.029525533572932538,-0.010656090706379752,0.07262342192741338,74,74
initiation,dz_true,BIS,180,same,0.2795117058541993,0.25704740796816433,0.3028770588507805,71,852
initiation,dz_true,BIS,180,adjacent,0.16170580421482594,0.14237754129686617,0.1795922056106116,71,852
initiation,dz_true,BIS,180,opposite,-0.25049226284282167,-0.26862261187738984,-0.23251901901415836,71,713
initiation,dz_true,BIS,180,random,0.009641817645191657,-0.011503928733531586,0.033972186177909945,71,852
initiation,dz_true,BIS,180,same_minus_opposite,0.5300039686970209,0.49765023677128334,0.5637439980403397,71,71
initiation,dz_true,MAP,180,same,0.03516004317326012,0.009698921995722611,0.059963668391689914,71,849
initiation,dz_true,MAP,180,adjacent,0.04819329850490129,0.020515098095148277,0.07440895080999968,71,849
initiation,dz_true,MAP,180,opposite,0.031077351407837784,0.006303112112575524,0.056248794748923484,71,695
initiation,dz_true,MAP,180,random,0.020104224767477894,-0.002484819124575196,0.045401256352938686,71,849
initiation,dz_true,MAP,180,same_minus_opposite,0.004082691765422347,-0.03017569726428517,0.03469310244991806,71,71
increase,dz_true,BIS,180,same,0.26798998291811177,0.24115804365646307,0.2930878703012135,67,789
increase,dz_true,BIS,180,adjacent,0.16858822464267992,0.1486071428454714,0.1888495636258794,67,789
increase,dz_true,BIS,180,opposite,-0.2858854252085505,-0.3120956178349768,-0.260633651648118,67,657
increase,dz_true,BIS,180,random,0.027431992003169054,0.00044254353905295727,0.053997640022141136,67,789
increase,dz_true,BIS,180,same_minus_opposite,0.5538754081266624,0.5153961513583708,0.5925666839571475,67,67
increase,dz_true,MAP,180,same,0.04754359513435104,0.01761278400781412,0.07665170352468548,66,778
increase,dz_true,MAP,180,adjacent,0.021232384995313353,-0.00019227623653233055,0.04429369028545072,66,778
increase,dz_true,MAP,180,opposite,-0.0013923723141679991,-0.02885286688120291,0.026168687620650118,66,674
increase,dz_true,MAP,180,random,0.0328959291432404,0.009930414938848463,0.0555075121766759,66,778
increase,dz_true,MAP,180,same_minus_opposite,0.04893596744851903,0.012314390135408033,0.08653305098753472,66,66
decrease,dz_true,BIS,180,same,0.27722218701288703,0.2547985927410516,0.30032619169340596,74,888
decrease,dz_true,BIS,180,adjacent,0.19921607337996933,0.1788341012639927,0.22252282111442476,74,888
decrease,dz_true,BIS,180,opposite,-0.31473850924135677,-0.3333973898172087,-0.2942907164890557,74,733
decrease,dz_true,BIS,180,random,0.014906788703163261,-0.009566179557513606,0.040456058768642555,74,888
decrease,dz_true,BIS,180,same_minus_opposite,0.5919606962542439,0.558057231629285,0.6260114357779422,74,74
decrease,dz_true,MAP,180,same,0.020045475959819786,-0.005909991357108441,0.042144327140612475,74,888
decrease,dz_true,MAP,180,adjacent,0.012961105154072108,-0.015907447573913446,0.042588231895881394,74,888
decrease,dz_true,MAP,180,opposite,0.028376169311826904,0.0073672420554464725,0.05125378187119073,74,746
decrease,dz_true,MAP,180,random,0.022986235063489492,0.0029214980635531933,0.044381068715367344,74,888
decrease,dz_true,MAP,180,same_minus_opposite,-0.008330693352007123,-0.0450483200480585,0.025399240325993496,74,74
stop,dz_true,BIS,180,same,0.28794835862241125,0.23831402582139655,0.3338143634216716,35,350
stop,dz_true,BIS,180,adjacent,0.15944064272086128,0.11527478098694147,0.19906723598256185,35,350
stop,dz_true,BIS,180,opposite,-0.2594695507344285,-0.3192473873859007,-0.1952703989239107,35,301
stop,dz_true,BIS,180,random,0.06652453926512275,0.01718384981400897,0.1239016148129313,35,350
stop,dz_true,BIS,180,same_minus_opposite,0.5474179093568398,0.4578060979532163,0.632064026449874,35,35
stop,dz_true,MAP,180,same,0.04890260982086289,-0.0023247663010214823,0.09980642466221949,34,341
stop,dz_true,MAP,180,adjacent,0.08273482809602399,0.03598545074539088,0.13057751305474916,34,341
stop,dz_true,MAP,180,opposite,0.11840529754746341,0.07266779543728484,0.1732586125385016,34,281
stop,dz_true,MAP,180,random,0.02555140142727306,-0.02763141784575018,0.07724495866699523,34,341
stop,dz_true,MAP,180,same_minus_opposite,-0.06950268772660051,-0.1523714895337524,0.009352581445373955,34,34
overall,dz_pred,BIS,300,same,0.7307224825830072,0.7172238408284565,0.744088846679005,74,2220
overall,dz_pred,BIS,300,adjacent,0.718087412076289,0.7040410763928289,0.7311987306247255,74,2220
overall,dz_pred,BIS,300,opposite,0.6906484958571378,0.677784479115727,0.7025614971864035,74,1774
overall,dz_pred,BIS,300,random,0.718344008583609,0.7036236000797704,0.7309267787876127,74,2220
overall,dz_pred,BIS,300,same_minus_opposite,0.040073986725869586,0.028995365879785587,0.05202465254913441,74,74
overall,dz_pred,MAP,300,same,0.7160935506459561,0.7029583851112103,0.7287639554816943,74,2220
overall,dz_pred,MAP,300,adjacent,0.7183955292477532,0.7069315568766732,0.7297011806911092,74,2220
overall,dz_pred,MAP,300,opposite,0.7088403167489458,0.695354081735167,0.7226546208899017,74,1692
overall,dz_pred,MAP,300,random,0.7159381581067635,0.7023782616603265,0.7287110188479223,74,2220
overall,dz_pred,MAP,300,same_minus_opposite,0.00725323389701037,-0.002011748514013706,0.015668941197469987,74,74
stable_action_Q1,dz_pred,BIS,300,same,0.6706712701065358,0.6407990917189581,0.6989871994180519,74,859
stable_action_Q1,dz_pred,BIS,300,adjacent,0.654603538568224,0.628479702651514,0.6817736576019786,74,859
stable_action_Q1,dz_pred,BIS,300,opposite,0.6406107939971936,0.6189024677053578,0.6636967850793181,74,691
stable_action_Q1,dz_pred,BIS,300,random,0.6573128043703571,0.6309474529849967,0.6827985094651366,74,859
stable_action_Q1,dz_pred,BIS,300,same_minus_opposite,0.030060476109342173,0.0006337269666089187,0.057011229462143466,74,74
stable_action_Q1,dz_pred,MAP,300,same,0.6697696398221823,0.6471316294105852,0.6928451682790433,73,858
stable_action_Q1,dz_pred,MAP,300,adjacent,0.6731478514588688,0.64918571804369,0.6973421662306205,73,858
stable_action_Q1,dz_pred,MAP,300,opposite,0.6346537001968273,0.6078040869661164,0.6592562717545541,73,635
stable_action_Q1,dz_pred,MAP,300,random,0.6618019358540944,0.636486101427336,0.6858190960301169,73,858
stable_action_Q1,dz_pred,MAP,300,same_minus_opposite,0.03511593962535506,0.01365877507639609,0.059053900616240565,73,73
Q4,dz_pred,BIS,300,same,0.719817429092956,0.7057898472560369,0.7336597280337702,74,888
Q4,dz_pred,BIS,300,adjacent,0.7064325049569881,0.6924919084249367,0.7200845698735819,74,888
Q4,dz_pred,BIS,300,opposite,0.6917805226034774,0.6769202895172495,0.7056804517473098,74,734
Q4,dz_pred,BIS,300,random,0.7072802588033179,0.6934320058750182,0.7211241493970658,74,888
Q4,dz_pred,BIS,300,same_minus_opposite,0.028036906489478618,0.014004805301973176,0.042985313264151837,74,74
Q4,dz_pred,MAP,300,same,0.7049688040446658,0.6888493414462737,0.7203070535948541,74,888
Q4,dz_pred,MAP,300,adjacent,0.6945472948655887,0.6772605970386532,0.7125067243683949,74,888
Q4,dz_pred,MAP,300,opposite,0.6994210374046591,0.6809214353926789,0.7164386822665276,74,715
Q4,dz_pred,MAP,300,random,0.689026913051871,0.673794071524727,0.7042558550162383,74,888
Q4,dz_pred,MAP,300,same_minus_opposite,0.005547766640006821,-0.008960763692344621,0.019969864226580585,74,74
upcoming_large_intervention,dz_pred,BIS,300,same,0.7268427218801368,0.712161394130063,0.7409551732586108,74,888
upcoming_large_intervention,dz_pred,BIS,300,adjacent,0.7269147579423949,0.7118277202185185,0.7410593539602249,74,888
upcoming_large_intervention,dz_pred,BIS,300,opposite,0.7073269899113825,0.6932477632281819,0.721751199597157,74,734
upcoming_large_intervention,dz_pred,BIS,300,random,0.7173008195980376,0.702749944788924,0.7313037983248817,74,888
upcoming_large_intervention,dz_pred,BIS,300,same_minus_opposite,0.019515731968754196,0.007050456697780581,0.032833466612528124,74,74
upcoming_large_intervention,dz_pred,MAP,300,same,0.7148760741656259,0.6997516941452747,0.7292176236403238,74,888
upcoming_large_intervention,dz_pred,MAP,300,adjacent,0.7101282972573966,0.6985620180851787,0.7219505531088289,74,888
upcoming_large_intervention,dz_pred,MAP,300,opposite,0.6984107149790538,0.6816025960360502,0.7135670685229107,74,712
upcoming_large_intervention,dz_pred,MAP,300,random,0.7015962370436403,0.6860092201243942,0.7158914919340615,74,888
upcoming_large_intervention,dz_pred,MAP,300,same_minus_opposite,0.016465359186572166,0.0005898085182508226,0.030803777516429234,74,74
initiation,dz_pred,BIS,300,same,0.7030292718404546,0.6839580085605139,0.7214204443241535,71,852
initiation,dz_pred,BIS,300,adjacent,0.6946928164541302,0.6731712690845325,0.7135402984624215,71,852
initiation,dz_pred,BIS,300,opposite,0.673729804575736,0.6551114977537764,0.691949024485544,71,721
initiation,dz_pred,BIS,300,random,0.6849022141172433,0.6657370545163515,0.7025123766353442,71,852
initiation,dz_pred,BIS,300,same_minus_opposite,0.02929946726471874,0.013110048602588563,0.04582616102116471,71,71
initiation,dz_pred,MAP,300,same,0.6895144996708287,0.6696458831775002,0.7064625102401573,71,850
initiation,dz_pred,MAP,300,adjacent,0.6912964983536006,0.6698399488317709,0.7106728859437964,71,850
initiation,dz_pred,MAP,300,opposite,0.6797881560988701,0.6579623687749778,0.6990735308173194,71,685
initiation,dz_pred,MAP,300,random,0.6791006656511871,0.658596377998449,0.698250814421431,71,850
initiation,dz_pred,MAP,300,same_minus_opposite,0.009726343571958713,-0.0072781454898050565,0.02752011660645324,71,71
increase,dz_pred,BIS,300,same,0.7003715674255421,0.6832049859791167,0.7173675127171449,67,789
increase,dz_pred,BIS,300,adjacent,0.6856900907323926,0.6661492669829792,0.7030061930616327,67,789
increase,dz_pred,BIS,300,opposite,0.6501490180363412,0.6258624408234915,0.6697998549475391,67,645
increase,dz_pred,BIS,300,random,0.6783697770256704,0.6597956306262445,0.6967270756602768,67,789
increase,dz_pred,BIS,300,same_minus_opposite,0.05022254938920077,0.031400707176057106,0.07174608129324639,67,67
increase,dz_pred,MAP,300,same,0.6827285315297217,0.6630685738875051,0.7001763375002885,67,783
increase,dz_pred,MAP,300,adjacent,0.6638444982860819,0.6463391200689117,0.6803556543443927,67,783
increase,dz_pred,MAP,300,opposite,0.6669934728648803,0.6487981529795307,0.6858041855498557,67,633
increase,dz_pred,MAP,300,random,0.6686402322797194,0.649107623330042,0.6870296265813949,67,783
increase,dz_pred,MAP,300,same_minus_opposite,0.015735058664841275,0.0007941292092715872,0.029712063040748377,67,67
decrease,dz_pred,BIS,300,same,0.7335000833483866,0.7193294964120346,0.7477125161699215,74,888
decrease,dz_pred,BIS,300,adjacent,0.7357658663647133,0.7228806247246695,0.7476139992863561,74,888
decrease,dz_pred,BIS,300,opposite,0.7097571802329397,0.6945822977532278,0.724366201283741,74,731
decrease,dz_pred,BIS,300,random,0.7262263743643154,0.7116873180854495,0.7396485505508141,74,888
decrease,dz_pred,BIS,300,same_minus_opposite,0.023742903115446915,0.00915235189155085,0.037982386947469464,74,74
decrease,dz_pred,MAP,300,same,0.7287401723767722,0.7160436748761919,0.7405677092861518,74,888
decrease,dz_pred,MAP,300,adjacent,0.7229751495640254,0.7080541909185681,0.7377722182202043,74,888
decrease,dz_pred,MAP,300,opposite,0.7289946333103895,0.7142810303205789,0.743355127456153,74,712
decrease,dz_pred,MAP,300,random,0.7185651073400099,0.7030563590475485,0.7325316687030634,74,888
decrease,dz_pred,MAP,300,same_minus_opposite,-0.00025446093361726745,-0.011323747472255116,0.010623690966158015,74,74
stop,dz_pred,BIS,300,same,0.6795189206302166,0.6548691716976464,0.7052953613093567,35,350
stop,dz_pred,BIS,300,adjacent,0.6591435092055744,0.625047604505657,0.6924584615910575,35,350
stop,dz_pred,BIS,300,opposite,0.6015864692241577,0.5690626391307001,0.6330944168668426,34,309
stop,dz_pred,BIS,300,random,0.6468725388166822,0.6159939844951207,0.6789388806836071,35,350
stop,dz_pred,BIS,300,same_minus_opposite,0.07927329945137289,0.04395142677702277,0.11307088520287531,34,34
stop,dz_pred,MAP,300,same,0.6494460409453092,0.6171388232968748,0.6815361497047149,35,342
stop,dz_pred,MAP,300,adjacent,0.6482294860848831,0.6187120969971376,0.6769061935143101,35,342
stop,dz_pred,MAP,300,opposite,0.677824699398114,0.6498647152419033,0.7049366601164258,35,247
stop,dz_pred,MAP,300,random,0.6279545456098388,0.5919989768665224,0.6598295251240367,35,342
stop,dz_pred,MAP,300,same_minus_opposite,-0.028378658452804833,-0.055817465371777696,-0.0024419207062141885,35,35
overall,dz_true,BIS,300,same,0.27097840896211894,0.25389273381593785,0.28844728340022474,74,2220
overall,dz_true,BIS,300,adjacent,0.19139538689491314,0.17811204356989857,0.20449169699000908,74,2220
overall,dz_true,BIS,300,opposite,-0.3317092418246483,-0.3461097550937286,-0.3182230329385627,74,1774
overall,dz_true,BIS,300,random,-0.003931821113334851,-0.01920399622928754,0.01130059273751989,74,2220
overall,dz_true,BIS,300,same_minus_opposite,0.6026876507867672,0.5788612700689231,0.6285942937097037,74,74
overall,dz_true,MAP,300,same,0.006299992152783382,-0.010339379693881762,0.02182357034235898,74,2220
overall,dz_true,MAP,300,adjacent,0.0029267097982737396,-0.0127565959407025,0.018089499482717195,74,2220
overall,dz_true,MAP,300,opposite,0.014758434358504952,-0.003292368744822084,0.03258713993975673,74,1692
overall,dz_true,MAP,300,random,0.00636513465239356,-0.010655857490198392,0.024084850338199546,74,2220
overall,dz_true,MAP,300,same_minus_opposite,-0.008458442205721577,-0.03461314877624039,0.014898661337101682,74,74
stable_action_Q1,dz_true,BIS,300,same,0.29008624311063375,0.2627810112276416,0.31890192526818534,74,859
stable_action_Q1,dz_true,BIS,300,adjacent,0.20207839881595194,0.17454464597991154,0.22939931656462165,74,859
stable_action_Q1,dz_true,BIS,300,opposite,-0.34288789101495376,-0.36544213029066086,-0.31935451007887083,74,691
stable_action_Q1,dz_true,BIS,300,random,0.03771313940855309,0.008662543570163063,0.06322741411321066,74,859
stable_action_Q1,dz_true,BIS,300,same_minus_opposite,0.6329741341255875,0.5916172453421303,0.6735297662719301,74,74
stable_action_Q1,dz_true,MAP,300,same,0.04486300587853324,0.016188305070689368,0.07593450422476998,73,858
stable_action_Q1,dz_true,MAP,300,adjacent,0.01928762805164952,-0.0101241412771643,0.04889964006988437,73,858
stable_action_Q1,dz_true,MAP,300,opposite,0.012163974498233192,-0.02051264839807986,0.04143498180575994,73,635
stable_action_Q1,dz_true,MAP,300,random,0.02435769822893029,-0.0040703345290695435,0.05000946023031582,73,858
stable_action_Q1,dz_true,MAP,300,same_minus_opposite,0.032699031380300045,-0.01564638088677447,0.08281922503433131,73,73
Q4,dz_true,BIS,300,same,0.22549743340812156,0.19802468525159786,0.25101900308399233,74,888
Q4,dz_true,BIS,300,adjacent,0.15371706095515741,0.1331065857032553,0.17452431740218288,74,888
Q4,dz_true,BIS,300,opposite,-0.24833054426154513,-0.27139425942729134,-0.22410181936875748,74,734
Q4,dz_true,BIS,300,random,0.015265828416984827,-0.011112491787607395,0.03991632622654595,74,888
Q4,dz_true,BIS,300,same_minus_opposite,0.4738279776696667,0.4356439739909209,0.5099255196791003,74,74
Q4,dz_true,MAP,300,same,0.04053965658746525,0.01736942213783796,0.06366152498805015,74,888
Q4,dz_true,MAP,300,adjacent,0.008034024284816942,-0.022263030751780315,0.03434646619926416,74,888
Q4,dz_true,MAP,300,opposite,0.008128793022752365,-0.018064050944392944,0.03776332799258074,74,715
Q4,dz_true,MAP,300,random,0.014824437150555486,-0.007991543251586878,0.03882600676327594,74,888
Q4,dz_true,MAP,300,same_minus_opposite,0.03241086356471289,-0.002717678465521307,0.06705338203880162,74,74
upcoming_large_intervention,dz_true,BIS,300,same,0.26265604632826905,0.24009750511833916,0.2873881188058714,74,888
upcoming_large_intervention,dz_true,BIS,300,adjacent,0.1602540483398296,0.14071259691260926,0.17994460194129894,74,888
upcoming_large_intervention,dz_true,BIS,300,opposite,-0.24005714366974698,-0.2667051582438824,-0.21287380699151714,74,734
upcoming_large_intervention,dz_true,BIS,300,random,0.0332854990511797,0.009505246520075979,0.05763546394269184,74,888
upcoming_large_intervention,dz_true,BIS,300,same_minus_opposite,0.5027131899980162,0.4659690229675855,0.5396321928332029,74,74
upcoming_large_intervention,dz_true,MAP,300,same,0.03493279120612151,0.012046621788764025,0.05938517782398758,74,888
upcoming_large_intervention,dz_true,MAP,300,adjacent,0.026751797111402898,0.003502069554304249,0.05167747559062591,74,888
upcoming_large_intervention,dz_true,MAP,300,opposite,-1.4588288038604153e-05,-0.026965800753000185,0.026344613613210766,74,712
upcoming_large_intervention,dz_true,MAP,300,random,0.019630202138376938,-0.0016799393788542226,0.04073456204509434,74,888
upcoming_large_intervention,dz_true,MAP,300,same_minus_opposite,0.03494737949416011,0.0009049003804015114,0.06816263465312901,74,74
initiation,dz_true,BIS,300,same,0.26360195157874566,0.23438038393027616,0.293645685533512,71,852
initiation,dz_true,BIS,300,adjacent,0.1783168651119854,0.15493208070382905,0.19970474888148676,71,852
initiation,dz_true,BIS,300,opposite,-0.21943345635220754,-0.24179372618940648,-0.19627623485528628,71,721
initiation,dz_true,BIS,300,random,0.036867823368681704,0.012265382016442733,0.05981396484514477,71,852
initiation,dz_true,BIS,300,same_minus_opposite,0.4830354079309534,0.4400367088099242,0.526673112396584,71,71
initiation,dz_true,MAP,300,same,0.0527080106702993,0.033320597026075684,0.0734602688292148,71,850
initiation,dz_true,MAP,300,adjacent,0.04522976432114083,0.024749986591842407,0.0679988467462441,71,850
initiation,dz_true,MAP,300,opposite,0.05413407806128281,0.025089223910023176,0.08210097790900041,71,685
initiation,dz_true,MAP,300,random,0.030173501848005473,0.00697197259561619,0.05390452746173151,71,850
initiation,dz_true,MAP,300,same_minus_opposite,-0.0014260673909835223,-0.03681810531058164,0.03394318806995086,71,71
increase,dz_true,BIS,300,same,0.24559774352948047,0.22213508051930722,0.2713658444587239,67,789
increase,dz_true,BIS,300,adjacent,0.14051495628395916,0.12164582993598133,0.1600438375703436,67,789
increase,dz_true,BIS,300,opposite,-0.2612611326946693,-0.2851813045473512,-0.23740739478856268,67,645
increase,dz_true,BIS,300,random,0.02488331010072472,0.0030522951081176585,0.04866918742589135,67,789
increase,dz_true,BIS,300,same_minus_opposite,0.5068588762241497,0.46737142491053024,0.5477058907107203,67,67
increase,dz_true,MAP,300,same,0.028201873742596334,1.8069765533504791e-06,0.053042512296296335,67,783
increase,dz_true,MAP,300,adjacent,0.008212143038261215,-0.014286059759543274,0.03344792361529177,67,783
increase,dz_true,MAP,300,opposite,-0.013397888741250476,-0.04573566802855156,0.014757349841728143,67,633
increase,dz_true,MAP,300,random,0.019956783901066876,-0.005198698743459848,0.046189929217301584,67,783
increase,dz_true,MAP,300,same_minus_opposite,0.041599762483846815,-0.0017466801247625412,0.0834929102487505,67,67
decrease,dz_true,BIS,300,same,0.26161861019880256,0.23874063660219716,0.2843692525389063,74,888
decrease,dz_true,BIS,300,adjacent,0.17420327316482995,0.1557879550981352,0.19398706411391703,74,888
decrease,dz_true,BIS,300,opposite,-0.24472313916789407,-0.2724195692641781,-0.21905262901762734,74,731
decrease,dz_true,BIS,300,random,0.02292082991203511,-0.0017791158097024216,0.04835425835901971,74,888
decrease,dz_true,BIS,300,same_minus_opposite,0.5063417493666965,0.46901237210483687,0.5473686740866356,74,74
decrease,dz_true,MAP,300,same,0.05472204005052042,0.032635123028235326,0.07650726844990827,74,888
decrease,dz_true,MAP,300,adjacent,0.027780750587054,0.006743661644747941,0.048904845519945755,74,888
decrease,dz_true,MAP,300,opposite,0.03892713785904297,0.014056530257537675,0.06502475292628429,74,712
decrease,dz_true,MAP,300,random,0.029764683987433514,0.008390261151152455,0.05397227312816277,74,888
decrease,dz_true,MAP,300,same_minus_opposite,0.015794902191477445,-0.01621502141771998,0.04630811860234429,74,74
stop,dz_true,BIS,300,same,0.29457147193912103,0.23455374487241842,0.34414021508064,35,350
stop,dz_true,BIS,300,adjacent,0.18561078704842907,0.14103807486419495,0.22421140643192752,35,350
stop,dz_true,BIS,300,opposite,-0.2545473607704409,-0.3026029519437082,-0.20092444250229397,34,309
stop,dz_true,BIS,300,random,0.02983193141604666,-0.010102523902990771,0.06876659603923022,35,350
stop,dz_true,BIS,300,same_minus_opposite,0.5498232635634627,0.4578226232749751,0.631166747394584,34,34
stop,dz_true,MAP,300,same,0.04781485211558201,0.006712936843551649,0.09116192183205687,35,342
stop,dz_true,MAP,300,adjacent,0.06436326253501373,0.013187543465447291,0.12000918629151278,35,342
stop,dz_true,MAP,300,opposite,0.05470523039057968,0.0043577865196953195,0.09750734945808959,35,247
stop,dz_true,MAP,300,random,0.008393212204710355,-0.04081793089327772,0.05224000721133594,35,342
stop,dz_true,MAP,300,same_minus_opposite,-0.006890378274997668,-0.07291598756219941,0.059655982248622064,35,35
