model,condition,subset,horizon_seconds,mae,patients,windows
Baseline,true,Q4,300,5.659137725830078,74,20642
Baseline,true,upcoming_large_intervention,300,5.266783237457275,74,26466
Baseline,hold,Q4,300,6.023006916046143,74,20642
Baseline,hold,upcoming_large_intervention,300,5.495941162109375,74,26466
Baseline,wrong,Q4,300,6.009868144989014,74,20642
Baseline,wrong,upcoming_large_intervention,300,5.526157379150391,74,26466
State-Grounded,true,Q4,300,5.66879940032959,74,20642
State-Grounded,true,upcoming_large_intervention,300,5.267576217651367,74,26466
State-Grounded,hold,Q4,300,6.060926914215088,74,20642
State-Grounded,hold,upcoming_large_intervention,300,5.501639366149902,74,26466
State-Grounded,wrong,Q4,300,6.016919136047363,74,20642
State-Grounded,wrong,upcoming_large_intervention,300,5.507095813751221,74,26466
Transition-Grounded,true,Q4,300,5.605898380279541,74,20642
Transition-Grounded,true,upcoming_large_intervention,300,5.2180705070495605,74,26466
Transition-Grounded,hold,Q4,300,5.970073223114014,74,20642
Transition-Grounded,hold,upcoming_large_intervention,300,5.4412455558776855,74,26466
Transition-Grounded,wrong,Q4,300,5.9382710456848145,74,20642
Transition-Grounded,wrong,upcoming_large_intervention,300,5.453221321105957,74,26466
