model,target,horizon_seconds,mae,rmse,patients,windows
Baseline,BIS,30,3.3352885246276855,4.488422393798828,74,83198
Baseline,BIS,60,3.8040173053741455,5.108389377593994,74,83198
Baseline,BIS,180,4.59224796295166,6.246513366699219,74,83198
Baseline,BIS,300,5.027742862701416,6.944363117218018,74,83198
Baseline,BIS,0,4.310493469238281,5.93313455581665,74,83198
Baseline,MAP,30,3.169179677963257,8.006711959838867,56,67597
Baseline,MAP,60,3.7630767822265625,8.616333961486816,56,67598
Baseline,MAP,180,5.449931621551514,9.851104736328125,56,67600
Baseline,MAP,300,6.448699474334717,10.722908020019531,56,67572
Baseline,MAP,0,4.955758571624756,9.509971618652344,56,67854
State-Grounded,BIS,30,3.3247387409210205,4.475613117218018,74,83198
State-Grounded,BIS,60,3.7964229583740234,5.102619171142578,74,83198
State-Grounded,BIS,180,4.597426414489746,6.275162696838379,74,83198
State-Grounded,BIS,300,5.023319721221924,6.973359107971191,74,83198
State-Grounded,BIS,0,4.309666156768799,5.952965259552002,74,83198
State-Grounded,MAP,30,3.1607093811035156,7.9989495277404785,56,67597
State-Grounded,MAP,60,3.765411853790283,8.608400344848633,56,67598
State-Grounded,MAP,180,5.4764862060546875,9.868448257446289,56,67600
State-Grounded,MAP,300,6.521259784698486,10.790731430053711,56,67572
State-Grounded,MAP,0,4.982845783233643,9.53126049041748,56,67854
Transition-Grounded,BIS,30,3.3178391456604004,4.473933696746826,74,83198
Transition-Grounded,BIS,60,3.784505844116211,5.092886924743652,74,83198
Transition-Grounded,BIS,180,4.547212600708008,6.188897609710693,74,83198
Transition-Grounded,BIS,300,4.963755130767822,6.8471808433532715,74,83198
Transition-Grounded,BIS,0,4.2716169357299805,5.8805670738220215,74,83198
Transition-Grounded,MAP,30,3.160953998565674,8.005147933959961,56,67597
Transition-Grounded,MAP,60,3.761552095413208,8.622483253479004,56,67598
Transition-Grounded,MAP,180,5.4531683921813965,9.84299373626709,56,67600
Transition-Grounded,MAP,300,6.488924980163574,10.724859237670898,56,67572
Transition-Grounded,MAP,0,4.966261863708496,9.506058692932129,56,67854
