representation,target,horizon_seconds,parameters,training_windows,best_epoch,val_loss,r2,mae,pearson,patients,windows,model
dz_pred,BIS,30,2179,60000,17,0.8011448897531741,0.1993710384972493,3.33881280941837,0.4478594948725331,74,83018,Baseline
dz_pred,MAP,30,2179,60000,17,0.8011448897531741,0.0877283319685796,3.188412757077385,0.2971226339221821,74,81879,Baseline
dz_pred,HR,30,2179,60000,17,0.8011448897531741,0.3275293524372418,3.3570089091162485,0.5723532185930857,56,67431,Baseline
dz_pred,BIS,60,2179,60000,18,0.7408648363566113,0.2531240361421979,3.814173682228457,0.5049850287188081,74,83018,Baseline
dz_pred,MAP,60,2179,60000,18,0.7408648363566113,0.1199773898794042,3.613282030731801,0.3475358093234701,74,81760,Baseline
dz_pred,HR,60,2179,60000,18,0.7408648363566113,0.3770004653297475,3.956256734189199,0.6143032582499846,56,67413,Baseline
dz_pred,BIS,180,2179,60000,18,0.6931857939916752,0.3479200535076135,4.5712597519335,0.5913627692630525,74,83018,Baseline
dz_pred,MAP,180,2179,60000,18,0.6931857939916752,0.1286369979536142,4.311206117261542,0.3609406959063881,74,81631,Baseline
dz_pred,HR,180,2179,60000,18,0.6931857939916752,0.3785020766507807,5.68464281888171,0.61682922561533,56,67369,Baseline
dz_pred,BIS,300,2179,60000,18,0.6700958587122088,0.3818142550846428,5.027999872290399,0.6222877252970542,74,83018,Baseline
dz_pred,MAP,300,2179,60000,18,0.6700958587122088,0.1262391364476756,4.911469694320036,0.3649129155327377,74,81520,Baseline
dz_pred,HR,300,2179,60000,18,0.6700958587122088,0.3861706126030931,6.573004902342658,0.6223917427134746,56,67328,Baseline
,BIS,30,2179,60000,17,0.7616566065152645,0.19788839673598146,3.3468079872692718,0.4471039101226257,74,83018,State-Grounded
,MAP,30,2179,60000,17,0.7616566065152645,0.22735705941615791,3.066156968342916,0.47742494747062686,74,81879,State-Grounded
,HR,30,2179,60000,17,0.7616566065152645,0.32765215486712385,3.3488663787322754,0.5724858443983408,56,67431,State-Grounded
,BIS,60,2179,60000,18,0.6991712129714148,0.2545248425278861,3.81603930014541,0.5065971779914039,74,83018,State-Grounded
,MAP,60,2179,60000,18,0.6991712129714148,0.25538638330772245,3.3163210269902335,0.5054294510487896,74,81760,State-Grounded
,HR,60,2179,60000,18,0.6991712129714148,0.3817054270432856,3.951371728478265,0.6180124333595993,56,67413,State-Grounded
,BIS,180,2179,60000,16,0.6585124824231194,0.34638471803868387,4.587954195192656,0.5908079802689958,74,83018,State-Grounded
,MAP,180,2179,60000,16,0.6585124824231194,0.2634932164863064,3.932337106445109,0.5135334155924495,74,81631,State-Grounded
,HR,180,2179,60000,16,0.6585124824231194,0.3689548017840577,5.766799496908417,0.6113546418595853,56,67369,State-Grounded
,BIS,300,2179,60000,13,0.6372971444747321,0.3965588023422386,4.976270366653497,0.6325125781371349,74,83018,State-Grounded
,MAP,300,2179,60000,13,0.6372971444747321,0.24035196313535423,4.466259996666867,0.49122589424827806,74,81520,State-Grounded
,HR,300,2179,60000,13,0.6372971444747321,0.37304002040339324,6.666109398977501,0.6133078752296837,56,67328,State-Grounded
,BIS,30,2179,60000,9,0.7434457977352712,0.20552698004310477,3.324256090816347,0.45453321589431767,74,83018,Transition-Grounded
,MAP,30,2179,60000,9,0.7434457977352712,0.2730800630542668,2.889644459989447,0.5230020075537823,74,81879,Transition-Grounded
,HR,30,2179,60000,9,0.7434457977352712,0.33346942042055305,3.2603507088502863,0.5784716651991865,56,67431,Transition-Grounded
,BIS,60,2179,60000,17,0.6858544821079889,0.26556859403749544,3.7766472594749816,0.5164215094096779,74,83018,Transition-Grounded
,MAP,60,2179,60000,17,0.6858544821079889,0.2912678165672711,3.118527614308302,0.5402117334394441,74,81760,Transition-Grounded
,HR,60,2179,60000,17,0.6858544821079889,0.38315879122075447,3.87069905537093,0.6192731643715703,56,67413,Transition-Grounded
,BIS,180,2179,60000,11,0.6492410915541651,0.357256367206767,4.533684484449669,0.5985944137131303,74,83018,Transition-Grounded
,MAP,180,2179,60000,11,0.6492410915541651,0.2756820156750873,3.8653738622917055,0.5255852442980332,74,81631,Transition-Grounded
,HR,180,2179,60000,11,0.6492410915541651,0.38100352023864803,5.582786732724196,0.6191754318959505,56,67369,Transition-Grounded
,BIS,300,2179,60000,7,0.6321077125280136,0.4026901643932158,4.939773107751863,0.6369984933062635,74,83018,Transition-Grounded
,MAP,300,2179,60000,7,0.6321077125280136,0.24713095382341554,4.425420253480718,0.49737892055375504,74,81520,Transition-Grounded
,HR,300,2179,60000,7,0.6321077125280136,0.3799241470028245,6.621443052660659,0.6184111033863688,56,67328,Transition-Grounded
