comparison,metric,difference,ci_low,ci_high,patients
Transition-Grounded minus Baseline,300s_delta_BIS_r2,0.023604500309486943,0.007538400277322768,0.043259951884208156,74
Transition-Grounded minus Baseline,300s_delta_MAP_r2,0.14376151946827417,0.11981529732271867,0.17182486410361517,74
Transition-Grounded minus Baseline,300s_delta_HR_r2,0.004762168759012074,-0.007230392219639099,0.01652271162237234,56
Transition-Grounded minus Baseline,300s_BIS_mae,-0.063988097012043,-0.112612284719944,-0.023847734555602074,74
Transition-Grounded minus Baseline,300s_MAP_mae,0.04022535681724548,-0.019564377143979073,0.10493434220552444,56
Transition-Grounded minus Baseline,triplet_accuracy,0.005654761904761898,-0.004166666666666674,0.016071428571428556,56
Transition-Grounded minus Baseline,BIS_same_minus_opposite_cosine,0.015265298273211938,0.010317584456316208,0.020244744628332756,74
Transition-Grounded minus State-Grounded,300s_delta_BIS_r2,0.014899266343722992,0.0006447579478930011,0.03503675952315085,74
Transition-Grounded minus State-Grounded,300s_delta_MAP_r2,0.02708216087105451,0.010884296289533359,0.04476443266333169,74
Transition-Grounded minus State-Grounded,300s_delta_HR_r2,0.010294080841959862,-0.005241172074753156,0.027480074108350228,56
Transition-Grounded minus State-Grounded,300s_BIS_mae,-0.05956488847732544,-0.12926732003688812,-0.013479881919920444,74
Transition-Grounded minus State-Grounded,300s_MAP_mae,-0.032335229218006134,-0.11458659172058105,0.031314417719841,56
Transition-Grounded minus State-Grounded,triplet_accuracy,0.005357142857142847,-0.004761904761904768,0.014590773809523798,56
Transition-Grounded minus State-Grounded,BIS_same_minus_opposite_cosine,0.0028776075160383686,-0.0023867292251519598,0.008131261589514355,74
