audit,representation,target,horizon_seconds,alpha,val_r2,n_train_windows,n_val_windows,r2,mae,pearson,patients,windows,r2_ci_low,r2_ci_high,model
transition,dz_pred,BIS,30,0.1,0.2091416086549934,369723.0,79417.0,0.1981083548209233,3.341672074813533,0.4456526216464163,74,83018,0.177629853629356,0.2164494513065764,Baseline
transition,dz_pred,MAP,30,0.1,0.0325933013849268,364325.0,78697.0,0.0315598148828332,3.1156526091385466,0.1780691646581858,74,81879,0.0166177575095088,0.0408965116882911,Baseline
transition,dz_pred,HR,30,0.1,0.2256936641469151,263711.0,59857.0,0.2351906040862357,3.7340380121186607,0.4854374534552668,56,67431,0.2014281333223108,0.2628883037861856,Baseline
transition,dz_pred,BIS,60,0.1,0.2574737297371762,369723.0,79417.0,0.2524740779482233,3.8228495686843456,0.503687378491626,74,83018,0.2305298856469002,0.2733585337360358,Baseline
transition,dz_pred,MAP,60,0.1,0.0477343721978931,363721.0,78597.0,0.0418715205972854,3.4975151751918254,0.2052660123833915,74,81760,0.0233506512968764,0.0533340948632161,Baseline
transition,dz_pred,HR,60,10.0,0.2537691678291899,263546.0,59798.0,0.284914482053922,4.553491747073666,0.5340886901593798,56,67413,0.2493056427820946,0.3117254721538669,Baseline
transition,dz_pred,BIS,180,1000.0,0.3826325956493778,369723.0,79417.0,0.3358422410962184,4.627064144211614,0.583091367108873,74,83018,0.3042282133187308,0.3627730076461545,Baseline
transition,dz_pred,MAP,180,10.0,0.0766938205348246,363084.0,78492.0,0.0668537821236667,4.311753690158579,0.2596840125385831,74,81631,0.0443478777728942,0.0824744600551414,Baseline
transition,dz_pred,HR,180,1000.0,0.3060278875123779,263315.0,59725.0,0.3403297127146117,5.957034910151368,0.5835030510579964,56,67369,0.3074640418118429,0.3673705603392274,Baseline
transition,dz_pred,BIS,300,1000.0,0.4475054569725624,369723.0,79417.0,0.3735323016923808,5.066537456256481,0.6161703092515793,74,83018,0.3236506945216764,0.4149573493686385,Baseline
transition,dz_pred,MAP,300,1000.0,0.0925336686998402,362588.0,78414.0,0.0829964341125978,4.830521251410568,0.2882993299812752,74,81520,0.060194494143262,0.0985912057664113,Baseline
transition,dz_pred,HR,300,1000.0,0.3182244412441416,262976.0,59658.0,0.3558119501121614,6.819053191176543,0.5966529166032389,56,67328,0.323186326937355,0.3859968954932853,Baseline
,,BIS,30,1000.0,0.2064114297432933,,,0.19772857772872587,3.3455901800957606,0.4449840224820083,74,83018,,,State-Grounded
,,BIS,60,1000.0,0.25448393380017653,,,0.2502893979560751,3.8283500946852924,0.5011680550041916,74,83018,,,State-Grounded
,,BIS,180,1000.0,0.3769583341567597,,,0.3398953983768196,4.614463647112053,0.5853279414094256,74,83018,,,State-Grounded
,,BIS,300,1000.0,0.4503020943247632,,,0.3825555953860189,5.026998711212192,0.622214580120804,74,83018,,,State-Grounded
,,MAP,30,1000.0,0.11202344214839144,,,0.11845995356649297,3.29216918062646,0.34465296022608183,74,81879,,,State-Grounded
,,MAP,60,0.1,0.14874693374385872,,,0.14971260355751237,3.603513439846414,0.38700251899607796,74,81760,,,State-Grounded
,,MAP,180,0.1,0.19487616605700553,,,0.1955359200067005,4.196724101191334,0.4423531144160166,74,81631,,,State-Grounded
,,MAP,300,0.1,0.20797242872027166,,,0.1995525758663902,4.672465971090279,0.447156991114146,74,81520,,,State-Grounded
,,HR,30,0.1,0.19065414332853947,,,0.20072603528034172,3.901547782995291,0.44805518777739684,56,67431,,,State-Grounded
,,HR,60,1000.0,0.24881847754483644,,,0.28258296625630275,4.641174675053541,0.5318477933653835,56,67413,,,State-Grounded
,,HR,180,10.0,0.32028968143981074,,,0.33455492683815746,6.057173153554619,0.5794037192168379,56,67369,,,State-Grounded
,,HR,300,10.0,0.32811242177097455,,,0.35037717264097745,6.905286870858429,0.5936068409061914,56,67328,,,State-Grounded
,,BIS,30,1000.0,0.21234360898955895,,,0.20621944316073193,3.3253853815384846,0.4543934644475808,74,83018,,,Transition-Grounded
,,BIS,60,1000.0,0.2600970612446609,,,0.26229572359195896,3.7956233529882812,0.5126653326166243,74,83018,,,Transition-Grounded
,,BIS,180,1000.0,0.38570246647984574,,,0.3552186942458576,4.554072631332668,0.5972683889625949,74,83018,,,Transition-Grounded
,,BIS,300,1000.0,0.4535209737359348,,,0.3970741171916735,4.974427985915207,0.6324538834552238,74,83018,,,Transition-Grounded
,,MAP,30,1000.0,0.23561578070932243,,,0.24631264293039923,3.038515542192177,0.4976720037169151,74,81879,,,Transition-Grounded
,,MAP,60,1000.0,0.2536171202150883,,,0.2605204687482261,3.3059551369224556,0.5108370353518277,74,81760,,,Transition-Grounded
,,MAP,180,1000.0,0.25493896047312725,,,0.24759313190474097,4.010629177228271,0.49790859907656454,74,81631,,,Transition-Grounded
,,MAP,300,1000.0,0.23550331532780777,,,0.22651095413832856,4.5850628274009075,0.47654797230787865,74,81520,,,Transition-Grounded
,,HR,30,1000.0,0.2512004087123443,,,0.2714063086538401,3.6467600732463294,0.5221495869433918,56,67431,,,Transition-Grounded
,,HR,60,1000.0,0.2866511936210824,,,0.31130663256749247,4.426509937949499,0.5590941492534476,56,67413,,,Transition-Grounded
,,HR,180,1000.0,0.3329177837908327,,,0.3449626844315685,5.929547178785776,0.5884840163256959,56,67369,,,Transition-Grounded
,,HR,300,1000.0,0.3329480099193173,,,0.36045035725998387,6.820658882137741,0.6018743952410317,56,67328,,,Transition-Grounded
