comparison,model_a,model_b,subset,target,horizon_seconds,difference_mae,ci_low,ci_high,patients,windows
CCA,Direct-MH-Capacity,MT-Dynamics,overall,BIS,30,0.0014565951423719525,-0.008513004519045353,0.01163576077669859,74,83198
CCA,Direct-MH-Capacity,MT-Dynamics,overall,BIS,60,0.009177619591355324,-0.003603549674153328,0.022267095744609833,74,83198
CCA,Direct-MH-Capacity,MT-Dynamics,overall,BIS,180,0.03828413784503937,0.011721375398337841,0.06614039838314056,74,83198
CCA,Direct-MH-Capacity,MT-Dynamics,overall,BIS,300,0.06365641951560974,0.02631010115146637,0.10247327387332916,74,83198
LongShortGain,Direct-MH-Capacity,MT-Dynamics,overall,BIS,300,0.062199823558330536,0.023616652935743332,0.10224354267120361,74,83198
CCA,Direct-MH-Capacity,MT-Dynamics,overall,MAP,30,0.0019405771745368838,-0.021716633811593056,0.022319991141557693,56,67597
CCA,Direct-MH-Capacity,MT-Dynamics,overall,MAP,60,0.006104007363319397,-0.028051601722836494,0.03620355948805809,56,67598
CCA,Direct-MH-Capacity,MT-Dynamics,overall,MAP,180,-0.09764231741428375,-0.18564856052398682,-0.027457453310489655,56,67600
CCA,Direct-MH-Capacity,MT-Dynamics,overall,MAP,300,-0.12305822223424911,-0.23330506682395935,-0.02959010750055313,56,67572
LongShortGain,Direct-MH-Capacity,MT-Dynamics,overall,MAP,300,-0.12611372768878937,-0.23237839341163635,-0.03788729012012482,56,67352
CCA,Direct-MH-Capacity,MT-Dynamics,stable_action_Q1,BIS,30,0.02953023463487625,0.00298373494297266,0.05666888877749443,74,21772
CCA,Direct-MH-Capacity,MT-Dynamics,stable_action_Q1,BIS,60,0.03445969521999359,-0.0066231777891516685,0.07945091277360916,74,21772
CCA,Direct-MH-Capacity,MT-Dynamics,stable_action_Q1,BIS,180,0.09100557863712311,-0.06730393320322037,0.2585704028606415,74,21772
CCA,Direct-MH-Capacity,MT-Dynamics,stable_action_Q1,BIS,300,0.057575523853302,-0.1083584800362587,0.21494963765144348,74,21772
LongShortGain,Direct-MH-Capacity,MT-Dynamics,stable_action_Q1,BIS,300,0.02804529294371605,-0.1281559318304062,0.18167564272880554,74,21772
CCA,Direct-MH-Capacity,MT-Dynamics,stable_action_Q1,MAP,30,-0.005300286691635847,-0.04093291237950325,0.02689506486058235,56,19131
CCA,Direct-MH-Capacity,MT-Dynamics,stable_action_Q1,MAP,60,0.017978381365537643,-0.03622693195939064,0.06938473880290985,56,19132
CCA,Direct-MH-Capacity,MT-Dynamics,stable_action_Q1,MAP,180,-0.030996063724160194,-0.1597794145345688,0.08949342370033264,56,19131
CCA,Direct-MH-Capacity,MT-Dynamics,stable_action_Q1,MAP,300,-0.03331330791115761,-0.20071841776371002,0.1261569708585739,56,19094
LongShortGain,Direct-MH-Capacity,MT-Dynamics,stable_action_Q1,MAP,300,-0.028510717675089836,-0.18401798605918884,0.12665806710720062,56,19049
CCA,Direct-MH-Capacity,MT-Dynamics,Q4,BIS,30,-0.028430236503481865,-0.05513160675764084,-0.0034941178746521473,74,20995
CCA,Direct-MH-Capacity,MT-Dynamics,Q4,BIS,60,-0.03142664209008217,-0.06749841570854187,0.0020254256669431925,74,20995
CCA,Direct-MH-Capacity,MT-Dynamics,Q4,BIS,180,0.014403913170099258,-0.03543301299214363,0.0625300407409668,74,20995
CCA,Direct-MH-Capacity,MT-Dynamics,Q4,BIS,300,0.07069063931703568,-0.010350190103054047,0.16223637759685516,74,20995
LongShortGain,Direct-MH-Capacity,MT-Dynamics,Q4,BIS,300,0.09912087023258209,0.013881644234061241,0.19510617852210999,74,20995
CCA,Direct-MH-Capacity,MT-Dynamics,Q4,MAP,30,-0.0009905589977279305,-0.04233621433377266,0.04356219619512558,56,15386
CCA,Direct-MH-Capacity,MT-Dynamics,Q4,MAP,60,0.00868056621402502,-0.058552395552396774,0.08291758596897125,56,15382
CCA,Direct-MH-Capacity,MT-Dynamics,Q4,MAP,180,-0.14666011929512024,-0.27887341380119324,-0.029680103063583374,56,15372
CCA,Direct-MH-Capacity,MT-Dynamics,Q4,MAP,300,-0.11158828437328339,-0.30193668603897095,0.07837654650211334,56,15381
LongShortGain,Direct-MH-Capacity,MT-Dynamics,Q4,MAP,300,-0.11699677258729935,-0.3028106391429901,0.08826112747192383,56,15302
CCA,Direct-MH-Capacity,MT-Dynamics,upcoming_large_intervention,BIS,30,-0.003122402587905526,-0.019258351996541023,0.012719108723104,74,26939
CCA,Direct-MH-Capacity,MT-Dynamics,upcoming_large_intervention,BIS,60,-0.003173748031258583,-0.025514207780361176,0.019693227484822273,74,26939
CCA,Direct-MH-Capacity,MT-Dynamics,upcoming_large_intervention,BIS,180,0.027017952874302864,-0.01114342175424099,0.064452163875103,74,26939
CCA,Direct-MH-Capacity,MT-Dynamics,upcoming_large_intervention,BIS,300,0.0411769263446331,-0.02897491492331028,0.1151762381196022,74,26939
LongShortGain,Direct-MH-Capacity,MT-Dynamics,upcoming_large_intervention,BIS,300,0.044299326837062836,-0.02695624530315399,0.11892851442098618,74,26939
CCA,Direct-MH-Capacity,MT-Dynamics,upcoming_large_intervention,MAP,30,0.0007455157465301454,-0.03980793058872223,0.03980613872408867,56,19869
CCA,Direct-MH-Capacity,MT-Dynamics,upcoming_large_intervention,MAP,60,0.017268989235162735,-0.03763071820139885,0.0717945247888565,56,19867
CCA,Direct-MH-Capacity,MT-Dynamics,upcoming_large_intervention,MAP,180,-0.1473357230424881,-0.28671708703041077,-0.036990877240896225,56,19870
CCA,Direct-MH-Capacity,MT-Dynamics,upcoming_large_intervention,MAP,300,-0.16487184166908264,-0.33590009808540344,-0.017309902235865593,56,19870
LongShortGain,Direct-MH-Capacity,MT-Dynamics,upcoming_large_intervention,MAP,300,-0.1707134246826172,-0.33018362522125244,-0.021431144326925278,56,19769
CCA,Direct-MH-Capacity,MT-Dynamics,high_rate_tail,BIS,30,-0.0319567434489727,-0.05911342799663544,-0.005431016441434622,73,17059
CCA,Direct-MH-Capacity,MT-Dynamics,high_rate_tail,BIS,60,-0.031790945678949356,-0.071844182908535,0.003467727452516556,73,17059
CCA,Direct-MH-Capacity,MT-Dynamics,high_rate_tail,BIS,180,0.012707535177469254,-0.034484826028347015,0.06609656661748886,73,17059
CCA,Direct-MH-Capacity,MT-Dynamics,high_rate_tail,BIS,300,0.05362584441900253,-0.05714757367968559,0.17679138481616974,73,17059
LongShortGain,Direct-MH-Capacity,MT-Dynamics,high_rate_tail,BIS,300,0.08558259904384613,-0.025299303233623505,0.20364899933338165,73,17059
CCA,Direct-MH-Capacity,MT-Dynamics,high_rate_tail,MAP,30,0.004049894865602255,-0.04050007462501526,0.04770836979150772,55,12457
CCA,Direct-MH-Capacity,MT-Dynamics,high_rate_tail,MAP,60,0.025118382647633553,-0.030013587325811386,0.08211638033390045,55,12453
CCA,Direct-MH-Capacity,MT-Dynamics,high_rate_tail,MAP,180,-0.14893171191215515,-0.29831457138061523,-0.012333796359598637,55,12434
CCA,Direct-MH-Capacity,MT-Dynamics,high_rate_tail,MAP,300,-0.11563462018966675,-0.330642431974411,0.09239030629396439,55,12440
LongShortGain,Direct-MH-Capacity,MT-Dynamics,high_rate_tail,MAP,300,-0.12776556611061096,-0.34057119488716125,0.09300530701875687,55,12381
CCA,Direct-MH-Capacity,MT-Dynamics,non_tail,BIS,30,0.010857077315449715,-0.0004969455767422915,0.022633535787463188,74,66139
CCA,Direct-MH-Capacity,MT-Dynamics,non_tail,BIS,60,0.021852241829037666,0.008215827867388725,0.0367412269115448,74,66139
CCA,Direct-MH-Capacity,MT-Dynamics,non_tail,BIS,180,0.04103292524814606,0.011728486977517605,0.07157377898693085,74,66139
CCA,Direct-MH-Capacity,MT-Dynamics,non_tail,BIS,300,0.04740583524107933,0.014543861150741577,0.08598531037569046,74,66139
LongShortGain,Direct-MH-Capacity,MT-Dynamics,non_tail,BIS,300,0.03654875606298447,0.0029773914720863104,0.07414349913597107,74,66139
CCA,Direct-MH-Capacity,MT-Dynamics,non_tail,MAP,30,-0.001608232269063592,-0.027963194996118546,0.019991695880889893,56,55140
CCA,Direct-MH-Capacity,MT-Dynamics,non_tail,MAP,60,0.002075264463201165,-0.034769151359796524,0.032743535935878754,56,55145
CCA,Direct-MH-Capacity,MT-Dynamics,non_tail,MAP,180,-0.09158449620008469,-0.19443325698375702,-0.010428991168737411,56,55166
CCA,Direct-MH-Capacity,MT-Dynamics,non_tail,MAP,300,-0.13633854687213898,-0.26958003640174866,-0.03266047686338425,56,55132
LongShortGain,Direct-MH-Capacity,MT-Dynamics,non_tail,MAP,300,-0.13479754328727722,-0.25500577688217163,-0.040110789239406586,56,54971
CCA,Direct-MH-Capacity,MT-Dynamics,initiation,BIS,30,0.019461991265416145,-0.026120297610759735,0.06760208308696747,71,4390
CCA,Direct-MH-Capacity,MT-Dynamics,initiation,BIS,60,0.07009316980838776,-0.0011302719358354807,0.14158251881599426,71,4390
CCA,Direct-MH-Capacity,MT-Dynamics,initiation,BIS,180,0.03204582259058952,-0.07747624069452286,0.13113360106945038,71,4390
CCA,Direct-MH-Capacity,MT-Dynamics,initiation,BIS,300,0.04223104938864708,-0.1246904730796814,0.19777339696884155,71,4390
LongShortGain,Direct-MH-Capacity,MT-Dynamics,initiation,BIS,300,0.022769056260585785,-0.15743400156497955,0.18141533434391022,71,4390
CCA,Direct-MH-Capacity,MT-Dynamics,initiation,MAP,30,-0.06742703169584274,-0.2776337265968323,0.10760647058486938,53,2963
CCA,Direct-MH-Capacity,MT-Dynamics,initiation,MAP,60,-0.08315961062908173,-0.30842214822769165,0.13393494486808777,53,2964
CCA,Direct-MH-Capacity,MT-Dynamics,initiation,MAP,180,-0.46862655878067017,-0.8719456791877747,-0.13899679481983185,53,2951
CCA,Direct-MH-Capacity,MT-Dynamics,initiation,MAP,300,-0.20257475972175598,-0.490337997674942,0.10320126265287399,53,2952
LongShortGain,Direct-MH-Capacity,MT-Dynamics,initiation,MAP,300,-0.14560267329216003,-0.4533688724040985,0.2456359565258026,53,2935
CCA,Direct-MH-Capacity,MT-Dynamics,increase,BIS,30,-0.02185218594968319,-0.09009885787963867,0.03203543648123741,67,3785
CCA,Direct-MH-Capacity,MT-Dynamics,increase,BIS,60,-0.01245449110865593,-0.11958259344100952,0.0715416967868805,67,3785
CCA,Direct-MH-Capacity,MT-Dynamics,increase,BIS,180,0.11609985679388046,0.018914131447672844,0.2369680255651474,67,3785
CCA,Direct-MH-Capacity,MT-Dynamics,increase,BIS,300,0.12072348594665527,-0.022092582657933235,0.28270798921585083,67,3785
LongShortGain,Direct-MH-Capacity,MT-Dynamics,increase,BIS,300,0.14257566630840302,-0.02785998024046421,0.364345908164978,67,3785
CCA,Direct-MH-Capacity,MT-Dynamics,increase,MAP,30,-0.013584567233920097,-0.11709262430667877,0.0796964168548584,50,2797
CCA,Direct-MH-Capacity,MT-Dynamics,increase,MAP,60,-0.08389125019311905,-0.2329735904932022,0.04707596078515053,50,2794
CCA,Direct-MH-Capacity,MT-Dynamics,increase,MAP,180,-0.28414711356163025,-0.5340391993522644,-0.06673998385667801,50,2793
CCA,Direct-MH-Capacity,MT-Dynamics,increase,MAP,300,-0.3396025598049164,-0.7500870227813721,0.003731065895408392,50,2787
LongShortGain,Direct-MH-Capacity,MT-Dynamics,increase,MAP,300,-0.32072120904922485,-0.7127110362052917,0.00145409582182765,50,2779
CCA,Direct-MH-Capacity,MT-Dynamics,decrease,BIS,30,-0.003572551067918539,-0.02079618349671364,0.014515429735183716,74,18081
CCA,Direct-MH-Capacity,MT-Dynamics,decrease,BIS,60,-0.013310386799275875,-0.03889395296573639,0.009326980449259281,74,18081
CCA,Direct-MH-Capacity,MT-Dynamics,decrease,BIS,180,0.009806443005800247,-0.031674038618803024,0.04955942556262016,74,18081
CCA,Direct-MH-Capacity,MT-Dynamics,decrease,BIS,300,0.03055698238313198,-0.046230778098106384,0.11236892640590668,74,18081
LongShortGain,Direct-MH-Capacity,MT-Dynamics,decrease,BIS,300,0.03412953019142151,-0.04415369778871536,0.11835926026105881,74,18081
CCA,Direct-MH-Capacity,MT-Dynamics,decrease,MAP,30,0.0037572074215859175,-0.033773504197597504,0.041891176253557205,56,13618
CCA,Direct-MH-Capacity,MT-Dynamics,decrease,MAP,60,0.022219287231564522,-0.03153900429606438,0.07465281337499619,56,13621
CCA,Direct-MH-Capacity,MT-Dynamics,decrease,MAP,180,-0.11782427132129669,-0.25603944063186646,-0.005678506102412939,56,13646
CCA,Direct-MH-Capacity,MT-Dynamics,decrease,MAP,300,-0.1918041706085205,-0.35597726702690125,-0.048617154359817505,56,13651
LongShortGain,Direct-MH-Capacity,MT-Dynamics,decrease,MAP,300,-0.20178696513175964,-0.3595554232597351,-0.055383119732141495,56,13575
CCA,Direct-MH-Capacity,MT-Dynamics,stop,BIS,30,-0.0014946069568395615,-0.10384844988584518,0.10621187835931778,35,683
CCA,Direct-MH-Capacity,MT-Dynamics,stop,BIS,60,0.12752750515937805,-0.09218007326126099,0.3761596083641052,35,683
CCA,Direct-MH-Capacity,MT-Dynamics,stop,BIS,180,0.4035215973854065,-0.1473197191953659,1.020815372467041,35,683
CCA,Direct-MH-Capacity,MT-Dynamics,stop,BIS,300,0.5005460381507874,0.01633072830736637,1.1536014080047607,35,683
LongShortGain,Direct-MH-Capacity,MT-Dynamics,stop,BIS,300,0.5020405650138855,-0.0294426791369915,1.2114075422286987,35,683
CCA,Direct-MH-Capacity,MT-Dynamics,stop,MAP,30,-0.051105912774801254,-0.2985255718231201,0.20618203282356262,25,491
CCA,Direct-MH-Capacity,MT-Dynamics,stop,MAP,60,-0.025753384456038475,-0.5116794109344482,0.3860680162906647,25,488
CCA,Direct-MH-Capacity,MT-Dynamics,stop,MAP,180,-0.07473912835121155,-0.9113094806671143,0.74603271484375,25,480
CCA,Direct-MH-Capacity,MT-Dynamics,stop,MAP,300,0.06816120445728302,-1.0653854608535767,1.2817245721817017,25,480
LongShortGain,Direct-MH-Capacity,MT-Dynamics,stop,MAP,300,0.1080574095249176,-0.9034361839294434,1.162319540977478,25,480
