model,epoch,train_loss,val_bis_mae,val_map_mae,gradient_norm,peak_vram_mib,seconds
Direct-MH-Capacity,1,0.30207304592132567,3.9299970890146696,5.512358936093313,0.4602792636512187,486.9990234375,8.12726354598999
Direct-MH-Capacity,2,0.2643887661933899,3.9003028297266127,5.41168459885412,0.3756462134682713,486.9990234375,15.69003963470459
Direct-MH-Capacity,3,0.2548937997341156,3.919038510417845,5.343760446964694,0.3731830681379611,486.9990234375,23.314118146896362
Direct-MH-Capacity,4,0.25250386095046995,3.8365029829224158,5.335984319234066,0.3865919280261658,486.9990234375,30.897626876831055
Direct-MH-Capacity,5,0.2487202733039856,3.9117334172133003,5.2402885735844915,0.34689376429437446,486.9990234375,38.4426908493042
Direct-MH-Capacity,6,0.24660511355400086,3.8361738910055228,5.286502987551365,0.3484515893383148,486.9990234375,46.039939641952515
Direct-MH-Capacity,7,0.24740942273139954,3.84563262371117,5.2007089579801,0.3264676921379071,486.9990234375,53.61408281326294
Direct-MH-Capacity,8,0.24473550777435302,3.8330377341305466,5.2387405383310535,0.3111684240948278,486.9990234375,61.15151047706604
Direct-MH-Capacity,9,0.24063071579933165,3.8193956887228566,5.176104111827725,0.3051368595597843,486.9990234375,68.6661205291748
Direct-MH-Capacity,10,0.24150462846755982,3.8302946357465317,5.1588470922480765,0.2972334808768175,486.9990234375,76.20148992538452
Direct-MH-Capacity,11,0.24018581824302673,3.821460667791153,5.168323190568639,0.3043117251354285,486.9990234375,83.71813154220581
Direct-MH-Capacity,12,0.23791475863456726,3.891435433483893,5.223093144137034,0.2796410465964113,486.9990234375,91.28139042854309
Direct-MH-Capacity,13,0.2400071865797043,3.823298560919593,5.137799312551912,0.2808647268115522,486.9990234375,98.5519495010376
Direct-MH-Capacity,14,0.2373696418762207,3.812932257575704,5.144917720608669,0.28850716811875565,486.9990234375,106.14121270179749
Direct-MH-Capacity,15,0.23725892663002013,3.853405528862013,5.151131743530956,0.2754972378095499,486.9990234375,113.70450925827026
Direct-MH-Capacity,16,0.2361576117515564,3.8382058835700117,5.129079573255458,0.27729890559808895,486.9990234375,121.27625942230225
Direct-MH-Capacity,17,0.23389401049613953,3.8346053293672955,5.159712080189364,0.2789181672726957,486.9990234375,128.87058281898499
Direct-MH-Capacity,18,0.22992695021629334,3.8619526320432076,5.169205785274125,0.27864195520695023,486.9990234375,136.42058444023132
Direct-MH-Capacity,19,0.22885578145980834,3.8475279026798,5.1283814257188,0.2791695529089187,486.9990234375,143.93301033973694
MT-Dynamics,1,0.3063753571987152,3.9512001583499443,5.5310010109588115,0.34962405484562487,430.3740234375,17.24970245361328
MT-Dynamics,2,0.26411377162933347,3.885765086613134,5.456937782293696,0.36087209024368383,430.3740234375,34.55555319786072
MT-Dynamics,3,0.2549671897888184,3.924862818849902,5.3918065986663795,0.35333606167532766,430.3740234375,52.13276410102844
MT-Dynamics,4,0.25259192781448364,3.846781895961156,5.359627709209586,0.3644078653841354,430.3740234375,69.8013710975647
MT-Dynamics,5,0.2478454677581787,3.872346611284683,5.264209305163291,0.32434060936347364,430.3740234375,87.00985598564148
MT-Dynamics,6,0.2458324679374695,3.86127767884281,5.245814078717495,0.32406340934598027,430.3740234375,104.4042477607727
MT-Dynamics,7,0.24731043796539307,3.853654703978526,5.221492380070553,0.30770038534848454,430.3740234375,121.93870568275452
MT-Dynamics,8,0.24446799421310425,3.8399696951222384,5.255112072451414,0.293665566621497,430.3740234375,139.61034393310547
MT-Dynamics,9,0.24045916948318483,3.8184150581328224,5.189642695023669,0.2830969231387678,430.3740234375,157.17342805862427
MT-Dynamics,10,0.2411263886451721,3.84296713196781,5.176330359052602,0.2857954805841842,430.3740234375,174.80844593048096
MT-Dynamics,11,0.23962972617149353,3.828204843169791,5.175041680522769,0.27993278560070944,430.3740234375,192.19543886184692
MT-Dynamics,12,0.23805939083099364,3.894117326440921,5.195312030404973,0.2646781279446599,430.3740234375,209.48037600517273
MT-Dynamics,13,0.23966059498786926,3.821225482486523,5.163933330874363,0.25984085029877796,430.3740234375,227.0261266231537
MT-Dynamics,14,0.23740716972351075,3.826823938291087,5.1617416028115,0.2667998225925068,430.3740234375,244.53360533714294
