signal,spearman,spearman_ci_low,spearman_ci_high,pearson,pearson_ci_low,pearson_ci_high,spearman_with_U_ensemble,quintile_error_json,quintile_trend_slope,trend_ci_low,trend_ci_high,trend_bootstrap_two_sided_p,n_windows,n_patients
Random,-0.0025569855227987608,-0.012235399706702,0.007411183128377182,-0.004699292907864978,-0.014574430182637106,0.005384298439284811,-0.0020201188900763004,"[4.275602766794471, 4.223479849786218, 4.231162707304362, 4.245573473282733, 4.23889554741431]",-0.0051320815263806285,-0.019779870476340913,0.009980017388071059,0.488,83198,74
U_ensemble,0.2934973283964856,0.22939489634275723,0.3489002202681944,0.3201750793180206,0.27816278944871425,0.3640528943435778,1.0,"[3.6619258880203, 3.801341752932982, 3.9163798153736447, 4.318346410166631, 5.582580310568456]",0.435831350232996,0.36354730030680776,0.5088620136762761,0.0,83198,74
D_raw_physiology,0.06104801932755693,-0.044232618802740944,0.16151685632485924,0.09029437526312331,-0.015497974346807407,0.18370511987404814,0.22412118399978453,"[4.3477666768969705, 4.444266887503575, 4.567094383939109, 4.811375016879467, 5.10466287840925]",0.18809005324004488,0.03777521158356771,0.32540841332791837,0.022,83198,74
D_state_knn,0.29178787123556404,0.21511032133437485,0.3601155802074858,0.32474703244533176,0.268051924670295,0.37252447164874425,0.6061922751346556,"[3.467502984086988, 3.902560302667198, 4.093631303524221, 4.347748331068328, 5.585387118442432]",0.4680956297112019,0.39115183797506875,0.5446040048093341,0.0,83198,74
D_state_mahalanobis,0.28427065475581054,0.21103063144584974,0.35279520631371775,0.31873169325501494,0.2659376642157471,0.36480387118774804,0.662200300648099,"[3.6940654843718566, 3.81231084150994, 4.06228232763067, 4.410492068467418, 5.523704813669505]",0.4257459885552773,0.3372940799846795,0.5048233471579407,0.0,83198,74
D_action,0.08118647802837278,0.010560328841844014,0.1477288663655779,0.16762151654231097,0.09843380166978236,0.23454738771486927,0.18834749030900821,"[4.978977676497512, 3.7576857796050156, 4.015194510857842, 4.102275621073743, 4.81530722131981]",0.0017248931113329831,-0.10178900331889637,0.11062065821440167,0.968,83198,74
D_action_summary,0.06906387184843707,-0.0016781749002796138,0.13562877429580456,0.09329501409821596,0.024900854630671237,0.159709233556372,0.16539473621699624,"[4.8375902915388656, 3.920339868063937, 3.9431929408973168, 4.204503591814746, 4.619558577212909]",-0.015189970490110727,-0.1043147959918881,0.07150804987155945,0.766,83198,74
D_action_rarity,0.12752526997981875,0.04894577173514635,0.2048744738391515,0.08622564003256838,0.013857496664213662,0.1572263885824233,0.2217187214006646,"[3.932888630510051, 4.050906181017846, 4.7675785481214605, 4.463391537707495, 4.830801137763175]",0.22083103711958962,0.11083171772494564,0.3330972827090144,0.002,83198,74
D_joint_knn,0.2303739592848077,0.1593607276008949,0.29011050122375975,0.23921736586130762,0.17831674501891895,0.2927231546568796,0.47956855612774507,"[3.6296394906739917, 3.9574562627771144, 4.257094865005978, 4.4297948766548885, 4.85914772847683]",0.2931355089483451,0.22209525285284132,0.359168932191813,0.0,83198,74
D_joint_mahalanobis,0.2795917804802776,0.21191541104821598,0.34051481095033986,0.3140826512371151,0.2630666899816477,0.3591233745049592,0.5952256608582133,"[3.5648756494292835, 3.7732305670746524, 3.907251552059042, 4.435027331328625, 5.487880779727195]",0.45078070248497987,0.36717663230081765,0.5290400325521644,0.0,83198,74
D_cond,0.054371087609909455,-0.0093592117888081,0.11472867974655578,0.13868158936356487,0.07032370396783214,0.20811280957302655,0.17724104351608666,"[4.778505409441382, 3.7973837932764734, 3.959889012278317, 4.01874225400799, 4.790585667940112]",0.024551897772897735,-0.06739195807012549,0.11736172765931831,0.594,83198,74
D_perp,0.2054729570324191,0.12406667613321491,0.27985005758173365,0.21940378721783116,0.15190653450922414,0.27942244330512467,0.4681388843560446,"[3.6614613533395106, 3.974527583642925, 4.20244099005354, 4.46340476536582, 4.888154092785379]",0.29422626606146324,0.2186620135909838,0.3713026168344729,0.0,83198,74
D_random_latent,-0.004484685007990459,-0.012664278609173159,0.0037029423528861195,-0.0026946558338844418,-0.010847213275282293,0.005254592136318471,-0.0016523560092403617,"[4.252943085034006, 4.256403323761282, 4.245426530769426, 4.215023038243593, 4.2450224810362185]",-0.005722149351326064,-0.01956515340120878,0.008336102919935797,0.354,83198,74
D_random_joint,0.09492051231502321,0.03506651647905577,0.151825119629115,0.10871908125406897,0.043121010286809675,0.16905439346374024,0.2067765091308666,"[4.3209769037351675, 4.081242540727524, 4.007160883776681, 4.226425466778957, 4.623979492406942]",0.07511881033949823,-0.001768758638543238,0.14474774736565138,0.056,83198,74
U_plus_best_geometry,0.3117675568960259,0.23769475881417804,0.3789868635698012,0.37479375322439634,0.3230897983905522,0.42033892141614204,0.6947326358529845,"[3.4836390308988987, 3.8619800137107334, 4.076335437168057, 4.3205174495718826, 5.66304200289912]",0.4817343379861593,0.4009045689308857,0.5625125587036864,0.0,83198,74
