signal,label,threshold_bis_mae,auroc,auroc_ci_low,auroc_ci_high,auprc,auprc_ci_low,auprc_ci_high,prevalence_patient_weighted,n_windows,n_patients
Random,top20,5.426597595214844,0.4973502315957602,0.4917692927522115,0.5032751338445197,0.20731093062163472,0.17928923729758559,0.23679662253214856,0.20841719795654065,83198,74
Random,top10,7.037601947784424,0.4941697245288049,,,0.10210944112732023,,,0.10421556824396959,83198,74
U_ensemble,top20,5.426597595214844,0.7047204843754777,0.678222034325802,0.7299009074634675,0.42802555147424537,0.3868213121444862,0.46816245904163595,0.20841719795654065,83198,74
U_ensemble,top10,7.037601947784424,0.7340327323839617,,,0.2900731705533804,,,0.10421556824396959,83198,74
D_raw_physiology,top20,5.426597595214844,0.5558527631128423,0.5084486603295593,0.6017600465775987,0.246609829715001,0.19104055884136384,0.3094315134232883,0.20841719795654065,83198,74
D_raw_physiology,top10,7.037601947784424,0.5674912834991432,,,0.13201930519507565,,,0.10421556824396959,83198,74
D_state_knn,top20,5.426597595214844,0.6913282708291854,0.6588027456879149,0.7214918085200127,0.3671613647777171,0.3182346594366032,0.41380700409920157,0.20841719795654065,83198,74
D_state_knn,top10,7.037601947784424,0.718730047729365,,,0.22708893743962336,,,0.10421556824396959,83198,74
D_state_mahalanobis,top20,5.426597595214844,0.6962105773591418,0.6664360229563687,0.7241939874656615,0.3688871525722087,0.3271208001955328,0.4111370297552708,0.20841719795654065,83198,74
D_state_mahalanobis,top10,7.037601947784424,0.7262925073768005,,,0.22869158764874856,,,0.10421556824396959,83198,74
D_action,top20,5.426597595214844,0.54862027190471,0.506444654003548,0.5879199870074798,0.2973881125701369,0.2411671115882269,0.362566041782375,0.20841719795654065,83198,74
D_action,top10,7.037601947784424,0.5467187689172386,,,0.16906025549886788,,,0.10421556824396959,83198,74
D_action_summary,top20,5.426597595214844,0.5366023423468752,0.4943381437984213,0.575819638423623,0.25897976235714626,0.21340440850158662,0.31184770282965085,0.20841719795654065,83198,74
D_action_summary,top10,7.037601947784424,0.5242390010810634,,,0.1353016474240495,,,0.10421556824396959,83198,74
D_action_rarity,top20,5.426597595214844,0.5688668478567367,0.5271732046261656,0.6101132144573107,0.24402579699715504,0.20165398021157965,0.2951825381094794,0.20841719795654065,83198,74
D_action_rarity,top10,7.037601947784424,0.5634050494156464,,,0.1257484347717489,,,0.10421556824396959,83198,74
D_joint_knn,top20,5.426597595214844,0.6459370094181596,0.6147615810800816,0.674735324301344,0.32561210101011284,0.2741090649045796,0.3783069390656355,0.20841719795654065,83198,74
D_joint_knn,top10,7.037601947784424,0.6634944108111362,,,0.1877090665519055,,,0.10421556824396959,83198,74
D_joint_mahalanobis,top20,5.426597595214844,0.691877495081708,0.6646144553992149,0.7206060292847094,0.3640118992356549,0.3180677928262829,0.4120595320761424,0.20841719795654065,83198,74
D_joint_mahalanobis,top10,7.037601947784424,0.7272005006651578,,,0.22336931249673506,,,0.10421556824396959,83198,74
D_cond,top20,5.426597595214844,0.5393355321399634,0.5006373468565133,0.5760947778055644,0.2917468518248233,0.23935298846927558,0.3546894151896379,0.20841719795654065,83198,74
D_cond,top10,7.037601947784424,0.5410782466338916,,,0.16478198123416052,,,0.10421556824396959,83198,74
D_perp,top20,5.426597595214844,0.6316982466695199,0.5991733329195619,0.663576130081819,0.31437710315920164,0.26446187264657306,0.3674596586037873,0.20841719795654065,83198,74
D_perp,top10,7.037601947784424,0.6473703408809035,,,0.1808852291514364,,,0.10421556824396959,83198,74
D_random_latent,top20,5.426597595214844,0.49397668385603133,0.4880166059528285,0.5004464120474886,0.20631640624878772,0.17865982269046407,0.236240391430776,0.20841719795654065,83198,74
D_random_latent,top10,7.037601947784424,0.4968985181507544,,,0.10386367903373336,,,0.10421556824396959,83198,74
D_random_joint,top20,5.426597595214844,0.5566539860647701,0.5213009100929095,0.5906753196627227,0.2619918622431133,0.21676859022581,0.31402947265180486,0.20841719795654065,83198,74
D_random_joint,top10,7.037601947784424,0.5593437205941411,,,0.1393073708583982,,,0.10421556824396959,83198,74
U_plus_best_geometry,top20,5.426597595214844,0.706446601130609,0.6741183813502257,0.7356058053044952,0.4131383747061605,0.3647498267965253,0.45863896599653914,0.20841719795654065,83198,74
U_plus_best_geometry,top10,7.037601947784424,0.7352210899465917,,,0.27820722816138,,,0.10421556824396959,83198,74
