horizon_seconds,bis_mae,ensemble_variance,dynamic_support,U_error_spearman,U_ci_low,U_ci_high,D_error_spearman,D_ci_low,D_ci_high,D_U_spearman,n_windows,n_patients
10,2.37893727886092,0.10340014735066708,0.6735234913101753,0.12798455762794228,0.09135959665144455,0.16368738240837355,0.1015159932216518,0.06414251864002132,0.13949589475846988,0.5880502758929517,83047,74
20,3.0346285914209843,0.13138443628128602,0.6727227385989257,0.10426534050297498,0.07004689872132654,0.1356737191542962,0.09829507837578354,0.061924447922965864,0.13467077485724782,0.5469598481223772,83098,74
30,3.3110450176740778,0.16292078617383773,0.6739056955199639,0.09322240975955268,0.061991760927439556,0.1215394522203534,0.10174421459091947,0.06547699832249312,0.1375711729574722,0.5165146143149505,83198,74
40,3.4959441635113606,0.19285922838345412,0.6732732034582973,0.09308078932510147,0.0630165745091026,0.12097767470437319,0.10955697862070969,0.07401262549336497,0.1466561393448959,0.49876074824806105,83128,74
50,3.642649115523114,0.22124302868927676,0.6730507480025008,0.0945498023785472,0.06544534653554004,0.1229413751416793,0.11437969192015732,0.07832824490611962,0.15074185764516684,0.48859722119766863,83129,74
60,3.7697408181645766,0.249201616823546,0.6704381598035458,0.09263532694731948,0.06363233976361006,0.12050535178324535,0.11891636794368649,0.08261754511636693,0.15632500517816855,0.48450640120715033,83198,74
70,3.85669115426108,0.27707570249588065,0.6675819732721794,0.09843326465565817,0.0702311027595219,0.12600393491213613,0.12705273168341427,0.08997118126867971,0.16395250165785824,0.48328971926572684,83113,74
80,3.939684526046413,0.30557926186459955,0.6693286248178987,0.10762257558511311,0.07926614252373036,0.136589786321898,0.13447818240446852,0.09614225167381522,0.17127466528568971,0.4845076526478878,83072,74
90,4.019258063376852,0.33442611173696113,0.6645482295963245,0.11459765349661159,0.08597790177257607,0.14289313752228708,0.1373264506545919,0.09850125825460553,0.17381703890405462,0.4860179602936235,83057,74
100,4.093350022749861,0.36352939479289237,0.6628525016950586,0.12004828311044352,0.09173364023888052,0.1481497797199415,0.13846797656000606,0.09771538748497217,0.17582193160233858,0.48791251992846923,83057,74
110,4.16398296668695,0.3931329638832352,0.6638404289741152,0.12815197770741737,0.09796500232210041,0.1575122199589713,0.14152897661772473,0.10088556842659617,0.1805832689498994,0.49079487277680006,83057,74
120,4.231882149009487,0.4228876388410869,0.6624746562212379,0.13522474670905918,0.10384970771891862,0.16542099509188146,0.14538790891421172,0.10461288157630222,0.184665035957916,0.4934892931991139,83056,74
130,4.285744105412999,0.45268374052748694,0.6593345706919517,0.14513087694453963,0.11305097869890884,0.17567751086702793,0.14940916804480753,0.1080822216673907,0.18893615563675525,0.4968005847722545,83059,74
140,4.334779865414322,0.48242682364159617,0.6594952967439464,0.1521920866507587,0.11835205186804879,0.18254506569916235,0.15271962756175145,0.11129800503582317,0.19216313230145993,0.5000503521391821,83061,74
150,4.382023348896559,0.5125343907850226,0.6561875520084778,0.15845557537772706,0.1253085848458973,0.18898031830122436,0.15295966826054758,0.11160806783980681,0.19305775602194902,0.5038756457339778,83060,74
160,4.428414376435474,0.542859483875884,0.6564394355884636,0.16389009365703933,0.12938327363360733,0.19434155628507566,0.1537615145883518,0.1121846215579156,0.19328260074465253,0.5064916123017221,83072,74
170,4.471650624513202,0.5730562672119991,0.6540154880312602,0.16903139105005255,0.13442914822926982,0.19940091334821777,0.1572657901950349,0.11541361749690254,0.19761346718823414,0.5085604079677648,83113,74
180,4.513044768104633,0.6028822969592359,0.6522054276395697,0.17583413345696566,0.1410631800700471,0.20713017736536882,0.15912716850927572,0.11604015716548167,0.19953486389683645,0.5101268589400324,83198,74
190,4.5500101530887225,0.6320925406339526,0.6498805050026671,0.18209053976643141,0.1478111696196717,0.21319150057033937,0.16103989743806565,0.11719434963604201,0.20024456022414136,0.5113827454852737,83114,74
200,4.586103977596237,0.6616140892710477,0.6491962336973226,0.1854155356519362,0.15050176747660304,0.21603772904386673,0.16012587769963263,0.11671330879112629,0.19941774855574132,0.511905053917987,83074,74
210,4.623092143107522,0.6915649513398971,0.6477834474026465,0.18755787126646403,0.1531801676245139,0.2187715715612626,0.15944823809746014,0.11620836937618496,0.19787363025562013,0.5112272609294277,83057,74
220,4.661391290076945,0.7217937200642133,0.6431456469254436,0.19284184574555174,0.15938208072108395,0.22464745446010723,0.16005850223087006,0.11668832908114854,0.19869636905585053,0.5107917005574614,83055,74
230,4.693989637455789,0.7522018926416781,0.6416694081736645,0.1954851015849175,0.15965492331545966,0.227373431780576,0.1597855788743309,0.11749872249222296,0.19759779959080842,0.5091741906154361,83055,74
240,4.731070760763657,0.7829657812584756,0.6399015349706948,0.19842763559179252,0.16288777959843367,0.2301765238871163,0.16128591675328138,0.1178843117899599,0.19859987272338722,0.5055139624019169,83056,74
250,4.768039114344932,0.8143103373969207,0.6374155226927567,0.20130201379689022,0.16495354947954632,0.23392973983121854,0.16212261559019844,0.11910899031821127,0.20021762992637585,0.5034612003252646,83054,74
260,4.79802311985022,0.845831440093426,0.6375132835480057,0.20491030749800745,0.16924661391525023,0.2372675072634601,0.1629090496879962,0.11899216866716036,0.20148447623616655,0.5001249376263911,83056,74
270,4.828332738541239,0.8778057035468223,0.6351728530423576,0.2092456343125165,0.17337281182445696,0.24210144285657811,0.16200268609979415,0.11767667779193802,0.2018504952521439,0.4962051106073331,83058,74
280,4.8579886382790285,0.909407405470668,0.6337833058846872,0.21239574328966618,0.1765208983886409,0.24580667536167652,0.16314098966429502,0.11752378653124876,0.20384515147860977,0.4911372078259255,83071,74
290,4.88694980343921,0.9416826873622965,0.632641510743366,0.21345178957330269,0.17707945537435077,0.24700683111938607,0.16122995978950797,0.11491984328223412,0.20303451648579093,0.4853047347115527,83112,74
300,4.914692569285367,0.9749771801382978,0.6345954383141557,0.21488804486025875,0.17807716065878182,0.2490503258785015,0.15822665412498013,0.1103369684184136,0.19970463958754547,0.4794860211325009,83198,74
