Trust signal,Spearman(error),High-error AUROC,High-error AUPRC,Risk@90% coverage,Risk@80% coverage,AURC
Random,-0.0025569855227987608,0.4973502315957602,0.20731093062163472,4.244951113398282,4.243039860813732,4.244180571043401
U_ensemble,0.2934973283964856,0.7047204843754777,0.42802555147424537,3.9901879490604406,3.879327075451811,3.8802943993914876
D_raw_physiology,0.06104801932755693,0.5558527631128423,0.246609829715001,4.234127585640986,4.193111870031379,4.2109595808313935
D_state_knn,0.29178787123556404,0.6913282708291854,0.3671613647777171,4.038670274628847,3.9046118696003007,3.939947240445311
D_state_mahalanobis,0.28427065475581054,0.6962105773591418,0.3688871525722087,4.038234540043597,3.923974998487998,3.907739345057416
D_action,0.08118647802837278,0.54862027190471,0.2973881125701369,4.124389357914965,4.081236617103075,4.109267073372487
D_action_summary,0.06906387184843707,0.5366023423468752,0.25897976235714626,4.171609563825411,4.130131298564844,4.151513860757615
D_action_rarity,0.12752526997981875,0.5688668478567367,0.24402579699715504,4.251096539811704,4.238858124037164,4.273285899410514
D_joint_knn,0.2303739592848077,0.6459370094181596,0.32561210101011284,4.108022655052197,4.038962344201888,4.028280639361505
D_joint_mahalanobis,0.2795917804802776,0.691877495081708,0.3640118992356549,4.0503729044736545,3.8829665253072685,3.866474563905065
D_cond,0.054371087609909455,0.5393355321399634,0.2917468518248233,4.132884107990272,4.073560055465216,4.109781070599184
D_perp,0.2054729570324191,0.6316982466695199,0.31437710315920164,4.1463137622491795,4.089741530800419,4.05344220665829
D_random_latent,-0.004484685007990459,0.49397668385603133,0.20631640624878772,4.243185792323978,4.241697488353769,4.2455873716635
D_random_joint,0.09492051231502321,0.5566539860647701,0.2619918622431133,4.176560967428072,4.129135713622967,4.137206134600738
U_plus_best_geometry,0.3117675568960259,0.706446601130609,0.4131383747061605,3.993968545446359,3.8844030103271643,3.891182179690254
