signal,target_validation_accepted_mae,threshold,validation_achieved_accepted_mae,validation_target_feasible,mean_accepted_horizon_seconds,accepted_bis_mae,accepted_bis_rmse,fraction_full_accepted,first_rejected_step_mae,accepted_predictions,n_test_windows
Dynamic support,3.5,0.7624089813232422,3.4936530590057373,True,180.2155768644767,3.6476669311523438,4.965203285217285,0.49033358938708804,3.496608027449118,1540231,83198
Dynamic support,4.0,inf,3.9484052658081055,True,300.0,4.242215156555176,5.842685699462891,1.0,,2492733,83198
Dynamic support,4.5,inf,3.9484052658081055,True,300.0,4.242215156555176,5.842685699462891,1.0,,2492733,83198
Dynamic support,5.0,inf,3.9484052658081055,True,300.0,4.242215156555176,5.842685699462891,1.0,,2492733,83198
Ensemble variance,3.5,0.3458133012056351,3.490485906600952,True,198.27936469506002,3.621682643890381,4.9094319343566895,0.4815800903107459,4.258910904879196,1706948,83198
Ensemble variance,4.0,inf,3.9484052658081055,True,300.0,4.242215156555176,5.842685699462891,1.0,,2492733,83198
Ensemble variance,4.5,inf,3.9484052658081055,True,300.0,4.242215156555176,5.842685699462891,1.0,,2492733,83198
Ensemble variance,5.0,inf,3.9484052658081055,True,300.0,4.242215156555176,5.842685699462891,1.0,,2492733,83198
Fixed 5min,,inf,3.9484052658081055,True,300.0,4.242215156555176,5.842685699462891,1.0,,2492733,83198
